,x,y
0,76.824089,28.4473422
1,76.8917433,28.4679057
2,76.9226967,28.4716038
3,76.932941,28.6904214
4,76.961171,28.4757763
5,76.9632867,28.4879763
6,76.9669325,28.3742433
7,76.9785172,28.6108373
8,76.9940084,28.4633152
9,76.9998356,28.4459083
10,77.0084751,28.4736922
11,77.0181877,28.4788799
12,77.0210756,28.5279082
13,77.0226365,28.4420391
14,77.0260002,28.505459
15,77.0288861,28.593707
16,77.0289658,28.5063278
17,77.0292024,28.4610552
18,77.0297157,28.4643765
19,77.0300242,28.4066007
20,77.0304646,28.5109794
21,77.0306586,28.6047449
22,77.0307192,28.5049922
23,77.0307405,28.5064505
24,77.0311176,28.5049713
25,77.0311389,28.5064296
26,77.0319952,28.5042821
27,77.032633,28.5086256
28,77.0334294,28.508618
29,77.0334469,28.5078434
30,77.0334498,28.5091612
31,77.0334587,28.5082122
32,77.0337973,28.5086169
33,77.033817,28.5091896
34,77.0339651,28.4621614
35,77.0341939,28.5853354
36,77.0343691,28.5438575
37,77.0345303,28.5082331
38,77.0345366,28.5078228
39,77.0348738,28.5077853
40,77.0348816,28.5080542
41,77.0349063,28.50834
42,77.0349238,28.5085832
43,77.0349558,28.5088909
44,77.0350167,28.5096874
45,77.0350421,28.5100225
46,77.0350482,28.5105267
47,77.0352465,28.5088648
48,77.0352962,28.5100221
49,77.0353028,28.5096872
50,77.0353927,28.5118433
51,77.0354449,28.5068259
52,77.035517,28.5077861
53,77.0355986,28.5057113
54,77.0356337,28.5088695
55,77.0356487,28.5080644
56,77.0356703,28.5097124
57,77.0356725,28.5100043
58,77.0356728,28.5072208
59,77.0356891,28.5083408
60,77.0357586,28.5074926
61,77.0357602,28.5118685
62,77.0358208,28.5085877
63,77.0359123,28.5088827
64,77.0359402,28.5097122
65,77.0359693,28.5099982
66,77.0360301,28.5118683
67,77.0361098,28.4348712
68,77.0362984,28.5078006
69,77.0363147,28.5100062
70,77.0365024,28.5103962
71,77.0365682,28.5111518
72,77.0365792,28.5069776
73,77.0366825,28.5077853
74,77.036686,28.5099989
75,77.0367848,28.60075
76,77.0369585,28.4201768
77,77.0370205,28.507819
78,77.0370292,28.5081205
79,77.0370385,28.5084421
80,77.0370832,28.509991
81,77.0371149,28.5072188
82,77.0371272,28.5068143
83,77.0371362,28.5074629
84,77.037169,28.5069678
85,77.0373891,28.5084425
86,77.0374753,28.5099833
87,77.0375895,28.4524744
88,77.0376089,28.5134013
89,77.0378558,28.5096331
90,77.0378623,28.5099396
91,77.038203,28.5891216
92,77.0384219,28.5078443
93,77.0385895,28.5080877
94,77.0386599,28.5093541
95,77.038725,28.5076862
96,77.0388576,28.441332
97,77.0390698,28.5111299
98,77.0392471,28.5075176
99,77.0392664,28.593442
100,77.0396816,28.4544481
101,77.0397496,28.5096117
102,77.0398035,28.5103543
103,77.0400089,28.5092785
104,77.0400141,28.5098977
105,77.0402849,28.6252548
106,77.0404332,28.5089381
107,77.0414011,28.4552785
108,77.0416615,28.6055746
109,77.0417158,28.4458753
110,77.0420862,28.4756064
111,77.0425185,28.4196612
112,77.0425344,28.419593
113,77.0425457,28.6439938
114,77.0426504,28.4198699
115,77.0426677,28.4197941
116,77.0427208,28.419477
117,77.0427446,28.4200162
118,77.0427491,28.4194093
119,77.0427761,28.4199468
120,77.042867,28.4202084
121,77.0428806,28.4194032
122,77.0428971,28.4201339
123,77.0429057,28.419343
124,77.0431183,28.4196411
125,77.0431326,28.4192912
126,77.0431369,28.4195797
127,77.043173,28.4192217
128,77.0432475,28.4198362
129,77.0432616,28.4197669
130,77.0432814,28.4701452
131,77.0433209,28.4191981
132,77.0433265,28.4194994
133,77.0433348,28.4199885
134,77.0433507,28.4191289
135,77.0433581,28.419918
136,77.0433935,28.4195143
137,77.0434568,28.4196866
138,77.043517,28.4197113
139,77.0435514,28.4198433
140,77.0435845,28.4195171
141,77.0436136,28.4198635
142,77.043765,28.4192188
143,77.043779,28.419707
144,77.0438374,28.4193142
145,77.0438454,28.4197498
146,77.0438954,28.4194227
147,77.043985,28.4191314
148,77.0440067,28.4196047
149,77.044047,28.4192298
150,77.0440669,28.4196397
151,77.044105,28.4193383
152,77.0441587,28.4163465
153,77.0441616,28.4171447
154,77.0441854,28.4195123
155,77.0442568,28.4195497
156,77.04438,28.419426
157,77.044435,28.4194538
158,77.0445334,28.4193519
159,77.0445857,28.418978
160,77.0445948,28.4189072
161,77.0446339,28.4163468
162,77.0446763,28.4191381
163,77.0446808,28.4182241
164,77.0447028,28.4190791
165,77.0447336,28.4192328
166,77.0448598,28.423314
167,77.0450197,28.4180932
168,77.0450986,28.4167386
169,77.0452085,28.4182292
170,77.0453217,28.417295
171,77.0454161,28.4181171
172,77.0455597,28.4237888
173,77.0455908,28.4163366
174,77.0457529,28.4173316
175,77.0460861,28.4185362
176,77.0460912,28.4178947
177,77.0462865,28.4174633
178,77.0463773,28.4185339
179,77.0464052,28.4178925
180,77.0466052,28.4180637
181,77.0467034,28.4096369
182,77.0467223,28.4078327
183,77.047011,28.5608679
184,77.0473001,28.4662946
185,77.0474317,28.4172763
186,77.0474648,28.4164932
187,77.0474676,28.4174751
188,77.047677,28.4157219
189,77.0476795,28.4160374
190,77.0480444,28.4158389
191,77.0484201,28.3932757
192,77.048438,28.473303
193,77.0485767,28.6006397
194,77.0486455,28.5137358
195,77.0489923,28.4157483
196,77.0489948,28.4160638
197,77.049228,28.4172242
198,77.0493633,28.4298069
199,77.049565,28.4539643
200,77.049917,28.376667
201,77.0504907,28.4163341
202,77.0505044,28.4345261
203,77.0505503,28.4427
204,77.0507175,28.4622418
205,77.0507552,28.6064934
206,77.0509704,28.4188866
207,77.0513431,28.4353611
208,77.0513978,28.4346113
209,77.0514458,28.4346553
210,77.0515296,28.4337544
211,77.0517317,28.4595704
212,77.0522426,28.4362894
213,77.052303,28.4331755
214,77.0525344,28.433814
215,77.0526124,28.435952
216,77.0526213,28.433738
217,77.0528687,28.5908739
218,77.0529762,28.4322988
219,77.0531003,28.4325893
220,77.0532324,28.4343904
221,77.0533192,28.4319532
222,77.0535256,28.4321725
223,77.0535682,28.4342138
224,77.0537655,28.4330631
225,77.0538619,28.5760608
226,77.0540643,28.4313893
227,77.0541604,28.4319766
228,77.0541609,28.434821
229,77.0541785,28.4185077
230,77.0542372,28.4312642
231,77.0542785,28.4316106
232,77.0543003,28.4193682
233,77.0544286,28.4318147
234,77.0545422,28.4310613
235,77.0547066,28.4330797
236,77.0547366,28.4309246
237,77.05484,28.4193643
238,77.0548835,28.4327135
239,77.0549336,28.4319747
240,77.0549931,28.4312232
241,77.055086,28.4763299
242,77.0550962,28.4321431
243,77.0551007,28.4325362
244,77.0551909,28.4317622
245,77.0553527,28.4323946
246,77.0555457,28.4165329
247,77.0556715,28.4310169
248,77.055772,28.4322782
249,77.0558626,28.4300023
250,77.0558777,28.4308618
251,77.0558953,28.4312313
252,77.055994,28.4306893
253,77.0560568,28.4299065
254,77.0560714,28.4310792
255,77.0561603,28.4303264
256,77.056184,28.4334647
257,77.0562589,28.4312766
258,77.0562722,28.430454
259,77.0562812,28.429744
260,77.0563049,28.4336193
261,77.0564165,28.4311178
262,77.0564529,28.4296091
263,77.0564731,28.4315008
264,77.0565272,28.430408
265,77.0566124,28.4328583
266,77.0566805,28.4308701
267,77.0567196,28.4298966
268,77.0567301,28.4321825
269,77.0567376,28.4302375
270,77.0567988,28.431536
271,77.0568655,28.4307854
272,77.0569318,28.4326413
273,77.0569335,28.4314399
274,77.0569439,28.4320198
275,77.0570481,28.432775
276,77.0571083,28.4309723
277,77.057124,28.43129
278,77.0571424,28.6011695
279,77.0571727,28.4329262
280,77.057234,28.4325996
281,77.0573373,28.4328391
282,77.0573378,28.4311374
283,77.0574192,28.4322082
284,77.0575195,28.4309889
285,77.057553,28.4326556
286,77.0575589,28.417746
287,77.057571,28.4174818
288,77.0575724,28.4179046
289,77.0575729,28.4183752
290,77.0575843,28.4321171
291,77.0576549,28.429465
292,77.0577093,28.4500427
293,77.0577234,28.4311847
294,77.0577543,28.4319796
295,77.057809,28.4285695
296,77.0578559,28.4293084
297,77.0578676,28.4300296
298,77.0579071,28.4313684
299,77.0579787,28.4317885
300,77.0580337,28.4284245
301,77.0580503,28.429181
302,77.0580582,28.4302509
303,77.0580972,28.4288554
304,77.0581189,28.4188169
305,77.0581588,28.4311594
306,77.0582574,28.430407
307,77.0582656,28.4300986
308,77.0582713,28.4290333
309,77.0583488,28.4162713
310,77.0583557,28.4309935
311,77.0584593,28.4299634
312,77.0584613,28.4306027
313,77.0585319,28.4284725
314,77.0585445,28.4177233
315,77.0585491,28.4311847
316,77.0585567,28.417459
317,77.058671,28.4297912
318,77.0587381,28.4183734
319,77.0587498,28.4174779
320,77.0587663,28.4322544
321,77.0588814,28.4296295
322,77.0589129,28.4324328
323,77.0590101,28.4304575
324,77.0590466,28.4320539
325,77.0590725,28.4174744
326,77.0590771,28.418377
327,77.0591336,28.4310724
328,77.0592151,28.432192
329,77.0592244,28.4306992
330,77.0592304,28.4295911
331,77.0593127,28.430488
332,77.0593565,28.4320728
333,77.0593853,28.4308634
334,77.0595138,28.429383
335,77.0595537,28.4331106
336,77.0595644,28.430279
337,77.059583,28.5067611
338,77.0596082,28.4318637
339,77.0596768,28.5729312
340,77.0598277,28.4325444
341,77.0598679,28.4328689
342,77.0598951,28.4310292
343,77.0599763,28.4355261
344,77.0600078,28.5594007
345,77.0600144,28.4326888
346,77.0600503,28.4735297
347,77.0600698,28.4312091
348,77.0600842,28.4323439
349,77.060087,28.4308659
350,77.0601478,28.4734311
351,77.0602095,28.4357338
352,77.0602356,28.4313759
353,77.0602358,28.4779639
354,77.0602395,28.4329461
355,77.0602991,28.4321947
356,77.0603014,28.435813
357,77.0603165,28.4361824
358,77.0603601,28.433123
359,77.0603711,28.4731728
360,77.0604076,28.5317378
361,77.0604827,28.4730669
362,77.0604964,28.4363357
363,77.0605127,28.4279803
364,77.0605337,28.4320369
365,77.0605942,28.4333565
366,77.0606476,28.4740479
367,77.0606727,28.4322084
368,77.0607292,28.4728993
369,77.0607638,28.4306626
370,77.0607686,28.4739286
371,77.0608412,28.4727828
372,77.0608732,28.431257
373,77.0608752,28.4324292
374,77.0609741,28.4308833
375,77.0610212,28.4736703
376,77.0610422,28.4725916
377,77.061077,28.4325593
378,77.0611084,28.4195968
379,77.061113,28.4310863
380,77.0611329,28.4735644
381,77.061141,28.4725049
382,77.0612091,28.4597391
383,77.0613206,28.473402
384,77.0613336,28.4328198
385,77.0614326,28.4732855
386,77.0615269,28.4319305
387,77.0616489,28.473085
388,77.0617483,28.4342466
389,77.0617711,28.4730024
390,77.0617746,28.4741207
391,77.0617901,28.4317323
392,77.0618737,28.3504798
393,77.0619201,28.4349736
394,77.0619815,28.4344544
395,77.0620265,28.4156096
396,77.0620734,28.4345336
397,77.0620924,28.4351336
398,77.0626859,28.4538821
399,77.063162,28.4713261
400,77.0632323,28.6183278
401,77.0637674,28.4143938
402,77.0641717,28.6256082
403,77.0643793,28.4190921
404,77.0644559,28.5922305
405,77.0649962,28.4120009
406,77.0650497,28.6386754
407,77.0651451,28.4812659
408,77.0652756,28.4169517
409,77.0664898,28.5982128
410,77.0666388,28.4541543
411,77.0670671,28.4432084
412,77.0709797,28.487491
413,77.0720814,28.5570477
414,77.0738001,28.6351096
415,77.0742335,28.4814387
416,77.0748707,28.5408725
417,77.0751528,28.5953223
418,77.0751564,28.4824064
419,77.0751944,28.4811849
420,77.0752374,28.4803044
421,77.0754517,28.4820926
422,77.0756333,28.4822674
423,77.0757228,28.4813971
424,77.075756,28.4804288
425,77.075893,28.4671405
426,77.0758939,28.4825554
427,77.0761429,28.4683395
428,77.076178,28.4811341
429,77.0762146,28.4815211
430,77.0763693,28.4687955
431,77.0763748,28.4682622
432,77.0766067,28.4815181
433,77.0766779,28.4698421
434,77.076743,28.4833916
435,77.0768234,28.4843934
436,77.0768674,28.4837813
437,77.0768985,28.4811606
438,77.07695,28.4846729
439,77.0773524,28.4267634
440,77.0776966,28.4687901
441,77.0777003,28.4682667
442,77.077969,28.3593202
443,77.0780631,28.4847444
444,77.0782948,28.4683613
445,77.0783049,28.4706123
446,77.0785334,28.4834421
447,77.0785645,28.4683721
448,77.0785746,28.4706231
449,77.0786973,28.4864438
450,77.0789185,28.4833834
451,77.0789193,28.4697414
452,77.0789538,28.4654356
453,77.0789582,28.4668213
454,77.0789683,28.4617935
455,77.0789683,28.4633288
456,77.079006,28.4685468
457,77.0790101,28.4681876
458,77.0790484,28.4690041
459,77.0790657,28.4867869
460,77.0791065,28.4905322
461,77.0791548,28.4696785
462,77.079181,28.4681822
463,77.079181,28.4685374
464,77.079209,28.4654356
465,77.079209,28.466219
466,77.0792191,28.4623013
467,77.0792199,28.4638075
468,77.0792271,28.4692951
469,77.0793361,28.4838582
470,77.0793894,28.4861102
471,77.0794169,28.485522
472,77.0794536,28.4671252
473,77.0796008,28.4832124
474,77.0796776,28.4652691
475,77.079773,28.4827645
476,77.0798072,28.4704308
477,77.0798127,28.4706634
478,77.0798184,28.4865463
479,77.0800327,28.4821707
480,77.0800559,28.4826011
481,77.0801341,28.4863265
482,77.080273,28.4831907
483,77.0803102,28.4827026
484,77.0803937,28.4853818
485,77.080449,28.4817562
486,77.0805013,28.4866439
487,77.0805018,28.4840374
488,77.0806254,28.4821776
489,77.0806949,28.4885156
490,77.0806984,28.484211
491,77.080736,28.4827025
492,77.0807816,28.4639483
493,77.0808619,28.4838021
494,77.0809238,28.4559737
495,77.0809243,28.4830568
496,77.0810249,28.4839834
497,77.0810491,28.4827556
498,77.0810837,28.4820503
499,77.0811727,28.4623592
500,77.0811733,28.4870857
501,77.0812304,28.4849476
502,77.0812852,28.4830239
503,77.0813101,28.4820503
504,77.0816481,28.482773
505,77.0816612,28.4763778
506,77.0817029,28.4849263
507,77.0817862,28.4868925
508,77.0818439,28.4510041
509,77.0819031,28.6297371
510,77.0819411,28.4635551
511,77.0820197,28.4843043
512,77.082095,28.4630031
513,77.0821223,28.4845872
514,77.0821502,28.4839155
515,77.0822,28.4830677
516,77.0822964,28.4944481
517,77.0823352,28.4634585
518,77.0823615,28.458162
519,77.0824171,28.4622189
520,77.0824614,28.4828106
521,77.0824891,28.4853961
522,77.0825232,28.4851018
523,77.0828972,28.5927694
524,77.0829598,28.4617849
525,77.0829968,28.4656428
526,77.08314,28.4633665
527,77.0833836,28.4892575
528,77.0834211,28.4650839
529,77.0834304,28.4865294
530,77.0836479,28.4903536
531,77.0836685,28.4859496
532,77.0837069,28.486414
533,77.083727,28.4644776
534,77.0837943,28.366831
535,77.0839045,28.488928
536,77.0839702,28.5048174
537,77.083981,28.4863251
538,77.0840085,28.4667033
539,77.0840132,28.4634822
540,77.0843327,28.4619102
541,77.0843789,28.4854089
542,77.0846487,28.4601881
543,77.0847073,28.474309
544,77.0847524,28.4634597
545,77.0848219,28.4662516
546,77.0848911,28.4628532
547,77.0850435,28.4842048
548,77.0850448,28.4583452
549,77.0850493,28.4835615
550,77.0851124,28.4630414
551,77.0853575,28.4655684
552,77.0854791,28.4843525
553,77.0855351,28.4828648
554,77.0858443,28.4818956
555,77.086074,28.4629411
556,77.086316,28.627013
557,77.086318,28.4838217
558,77.0864789,28.4846421
559,77.0865554,28.4632624
560,77.0867091,28.4626674
561,77.0868726,28.4633763
562,77.0868756,28.4832953
563,77.0869253,28.4817146
564,77.0871486,28.4621688
565,77.0874667,28.4831148
566,77.0874854,28.4817146
567,77.0874887,28.4629579
568,77.0877572,28.433762
569,77.0879941,28.4829712
570,77.0880252,28.4817296
571,77.0886557,28.481632
572,77.0888929,28.4834815
573,77.0889369,28.481612
574,77.089052,28.4827784
575,77.0893,28.9631
576,77.089706,28.4909509
577,77.0907227,28.4969677
578,77.0907738,28.4905112
579,77.0907972,28.496932
580,77.0913087,28.4678094
581,77.0914291,28.4639007
582,77.0914731,28.4829511
583,77.0915095,28.4634072
584,77.0915707,28.4631776
585,77.0916122,28.4638813
586,77.0916535,28.4626776
587,77.0917181,28.4657788
588,77.0921334,28.4639344
589,77.0928407,28.446808
590,77.0943758,28.4834196
591,77.0960931,28.4277858
592,77.0962247,28.9406343
593,77.0970947,28.6357632
594,77.0986857,28.9511212
595,77.0998936,28.4701621
596,77.1016251,28.6681549
597,77.1019845,28.6386267
598,77.1042915,28.6720442
599,77.1043491,28.4940811
600,77.1092149,28.6579619
601,77.1100936,28.4207139
602,77.1101626,28.4050626
603,77.1122785,28.6257861
604,77.1126935,28.6442177
605,77.1133858,28.5842215
606,77.1135695,28.5355255
607,77.1140024,28.4248125
608,77.1171122,28.7161985
609,77.1180982,28.6200755
610,77.1196497,28.6195669
611,77.1216014,28.541863
612,77.1220488,28.8709807
613,77.1228424,28.5940044
614,77.1230865,28.6236139
615,77.1239246,28.6658808
616,77.1255594,28.6263731
617,77.1256912,28.5444849
618,77.1316625,28.4742829
619,77.1324402,28.6537988
620,77.132445,28.6537296
621,77.137102,28.4031611
622,77.1371847,28.6308868
623,77.1380476,28.7020655
624,77.1424904,28.441684
625,77.1425188,28.4931068
626,77.142989,28.6637632
627,77.1448566,28.6541209
628,77.1477027,28.6293972
629,77.1477238,28.7579318
630,77.1518483,28.5311877
631,77.1536389,28.6526021
632,77.1546358,28.4665435
633,77.1578198,28.3875593
634,77.1580462,28.5192303
635,77.1587112,28.6217523
636,77.1598814,28.4987398
637,77.1604225,28.6471868
638,77.1606444,28.4958744
639,77.1608641,28.5252044
640,77.1615891,28.5177879
641,77.1617541,28.5098185
642,77.1617813,28.5100906
643,77.1618869,28.5098225
644,77.161923,28.510077
645,77.162033,28.5098269
646,77.1620668,28.5101003
647,77.1621282,28.5098298
648,77.1622062,28.5100848
649,77.1622256,28.5098327
650,77.1622985,28.5098349
651,77.1623667,28.5100342
652,77.1623711,28.5101528
653,77.1623958,28.5098379
654,77.1624994,28.5101003
655,77.1626256,28.5101178
656,77.1627606,28.5101762
657,77.1627694,28.5100342
658,77.1628956,28.5101159
659,77.1630108,28.5098565
660,77.1630482,28.510112
661,77.1631329,28.509634
662,77.1631611,28.5101139
663,77.1632042,28.5096364
664,77.1632715,28.5096387
665,77.1632939,28.5101023
666,77.1633523,28.5096413
667,77.1634051,28.5107524
668,77.1634244,28.5100439
669,77.1634249,28.509869
670,77.1634311,28.510182
671,77.1634352,28.5096441
672,77.1634841,28.5106491
673,77.1635534,28.5105628
674,77.1635833,28.509649
675,77.1635846,28.5586526
676,77.1636286,28.5104629
677,77.1636331,28.5098642
678,77.1636466,28.5096511
679,77.1636835,28.510113
680,77.1637217,28.5096536
681,77.163741,28.5098558
682,77.1637422,28.5103783
683,77.1638085,28.5096565
684,77.1638277,28.5098338
685,77.1638988,28.5096595
686,77.163899,28.5097897
687,77.1639068,28.5094704
688,77.1639302,28.5101671
689,77.1639627,28.5100646
690,77.1639944,28.5094726
691,77.1639972,28.5096628
692,77.1639981,28.5099531
693,77.1640613,28.5098759
694,77.1640955,28.5094683
695,77.1641183,28.5097893
696,77.1641744,28.5093263
697,77.1641756,28.5094325
698,77.1641777,28.5089539
699,77.1641777,28.5091283
700,77.1641984,28.5097188
701,77.1642521,28.5093252
702,77.1642616,28.5096457
703,77.1642727,28.5091485
704,77.1643035,28.508955
705,77.1643284,28.5095661
706,77.1643713,28.5091695
707,77.1643951,28.5094867
708,77.1644481,28.5094236
709,77.1644896,28.5089961
710,77.1645082,28.5093518
711,77.1645776,28.5092841
712,77.1646377,28.5092082
713,77.1647086,28.5091337
714,77.1647696,28.5090519
715,77.1648442,28.5089545
716,77.1654061,28.4377332
717,77.1657503,28.6505812
718,77.1658274,28.5099182
719,77.1664443,28.6833959
720,77.1667771,28.5014076
721,77.169381,28.5705958
722,77.1703537,28.4832986
723,77.1710543,28.6375023
724,77.1712968,28.5585961
725,77.172599,28.5788829
726,77.1748491,28.7185154
727,77.1761947,28.5541317
728,77.1765951,28.6909825
729,77.176873,28.5073965
730,77.1769289,28.5818356
731,77.1783232,28.5218262
732,77.1802316,28.5474793
733,77.1804536,28.4563172
734,77.1812506,28.4971399
735,77.1832073,28.5857145
736,77.185038,28.6346805
737,77.1862772,28.5418938
738,77.1881413,28.5383623
739,77.1881655,28.652148
740,77.1885212,28.5946775
741,77.1885414,28.5685903
742,77.1915396,28.6494696
743,77.1932557,28.5249193
744,77.1943708,28.6149815
745,77.1945978,28.5626362
746,77.1946881,28.5535998
747,77.1953049,28.4083957
748,77.1953703,28.5741575
749,77.1959655,28.680655
750,77.1960276,28.5675465
751,77.1964443,28.5830109
752,77.1987795,28.5689172
753,77.1987845,28.5688359
754,77.1987895,28.5687546
755,77.1987946,28.5686733
756,77.1987996,28.568592
757,77.1988046,28.5685107
758,77.1988096,28.5684294
759,77.1988147,28.5683482
760,77.1988184,28.5668455
761,77.1988197,28.5682669
762,77.1988247,28.5681856
763,77.1988297,28.5681043
764,77.1988348,28.568023
765,77.1988398,28.5679417
766,77.1988448,28.5678604
767,77.1988498,28.5677791
768,77.1988548,28.5676978
769,77.1988599,28.5676165
770,77.1990527,28.5668484
771,77.2008008,28.5967925
772,77.2035135,28.5577103
773,77.2039685,28.6009309
774,77.2042185,28.576115
775,77.2046124,28.697366
776,77.2056163,28.5716651
777,77.2067199,28.5362309
778,77.2073934,28.5268702
779,77.207618,28.5181481
780,77.208249,28.646177
781,77.210529,28.5343481
782,77.210903,28.5929662
783,77.2116326,28.6597744
784,77.2127454,28.548315
785,77.2136476,28.6418788
786,77.2137253,28.5244107
787,77.2140614,28.5723301
788,77.2150753,28.5875753
789,77.2151564,28.6459931
790,77.2157317,28.6457969
791,77.2158789,28.542026
792,77.217265,28.5310379
793,77.2173711,28.6092825
794,77.2179689,28.5323123
795,77.2189886,28.5107823
796,77.2191421,28.6578815
797,77.219162,28.6572226
798,77.2198524,28.6276711
799,77.2198843,28.3878336
800,77.2201473,28.630974
801,77.2204067,28.9443604
802,77.2228693,28.5989623
803,77.2237393,28.664203
804,77.2242097,28.6455506
805,77.2245597,28.5701864
806,77.2260118,28.6986766
807,77.2261181,28.6743887
808,77.2262454,28.5258164
809,77.2268576,28.586203
810,77.2272396,28.5720606
811,77.2284109,28.538019
812,77.2285433,28.7023606
813,77.228819,28.6655672
814,77.2289422,28.6567367
815,77.229067,28.6399412
816,77.2296021,28.3985543
817,77.2302126,28.5343792
818,77.2307426,28.649265
819,77.2311628,28.5959698
820,77.2323949,28.5127982
821,77.2324077,28.5727735
822,77.2329855,28.6422881
823,77.2345181,28.6577336
824,77.2349439,28.5202255
825,77.2350949,28.6585859
826,77.235133,28.6584231
827,77.2351457,28.6583494
828,77.2351661,28.6582781
829,77.2351763,28.6582089
830,77.235194,28.6581398
831,77.2352093,28.6580751
832,77.2352195,28.6579903
833,77.2352398,28.6579301
834,77.2352551,28.6578565
835,77.2352678,28.6577862
836,77.2352856,28.6577238
837,77.2353059,28.6576546
838,77.2353161,28.657581
839,77.2353364,28.6575208
840,77.2353491,28.6574159
841,77.2353644,28.6573468
842,77.2353847,28.6572843
843,77.2353926,28.6570046
844,77.2353991,28.6569384
845,77.2354058,28.6568712
846,77.2354127,28.6568017
847,77.2354195,28.6567331
848,77.2354279,28.6566472
849,77.2354346,28.6565805
850,77.2354431,28.6564939
851,77.2354493,28.6564313
852,77.2354575,28.6563484
853,77.2359053,28.6570993
854,77.2359371,28.6567874
855,77.2359416,28.656915
856,77.2359806,28.6573574
857,77.2361022,28.6575944
858,77.2361124,28.6575074
859,77.2361225,28.6574405
860,77.2361312,28.5338272
861,77.2361556,28.6573222
862,77.236181,28.6584922
863,77.2361861,28.6584008
864,77.2361937,28.6583338
865,77.2361937,28.6585591
866,77.236214,28.6582669
867,77.2362369,28.6582089
868,77.236242,28.6586484
869,77.2362573,28.6581375
870,77.23627,28.6579859
871,77.23627,28.6580729
872,77.2362878,28.6576903
873,77.2362903,28.6578331
874,77.2362928,28.6579201
875,77.2362979,28.6577684
876,77.236439,28.6569636
877,77.2364414,28.6568921
878,77.2364437,28.6568248
879,77.2364456,28.6567696
880,77.2364478,28.656705
881,77.2364512,28.6566052
882,77.2364529,28.6565559
883,77.2364568,28.65644
884,77.236459,28.6563753
885,77.2364609,28.65632
886,77.2364616,28.4111259
887,77.2365998,28.5334878
888,77.2370495,28.5332151
889,77.2372142,28.5344392
890,77.2374928,28.5346395
891,77.2375055,28.5340609
892,77.2375474,28.5529189
893,77.2375688,28.5329035
894,77.2378158,28.5337159
895,77.2380312,28.5326754
896,77.2381705,28.5339663
897,77.2381959,28.5332819
898,77.2385125,28.5330037
899,77.2385759,28.5354352
900,77.2386075,28.5359081
901,77.2388609,28.5331984
902,77.2391447,28.5354771
903,77.2393001,28.6449316
904,77.2393295,28.5328757
905,77.2393612,28.5348065
906,77.2398172,28.5376107
907,77.2399736,28.537993
908,77.2400221,28.6407879
909,77.2401845,28.5341777
910,77.2402456,28.5410525
911,77.2403627,28.537904
912,77.2404027,28.5404204
913,77.2404397,28.5399692
914,77.2405075,28.5337103
915,77.2405497,28.5411904
916,77.2405746,28.5343157
917,77.2408045,28.5398482
918,77.2408081,28.5401356
919,77.2411142,28.5394372
920,77.241171,28.5396971
921,77.2412261,28.5540811
922,77.2419813,28.7425492
923,77.2421181,28.6016454
924,77.2423706,28.5705621
925,77.2429517,28.5302767
926,77.2431874,28.5305204
927,77.2432179,28.5383262
928,77.243349,28.5318686
929,77.2434003,28.5385327
930,77.2434772,28.5307417
931,77.2435584,28.5384045
932,77.2436395,28.5321079
933,77.2436692,28.6441097
934,77.2438343,28.5304828
935,77.2439717,28.5324056
936,77.2442042,28.5302172
937,77.244218,28.5326263
938,77.2443394,28.5307959
939,77.2443461,28.531777
940,77.244421,28.5315956
941,77.2444418,28.5310072
942,77.2445404,28.5300132
943,77.2446728,28.5318466
944,77.2447226,28.5316528
945,77.2447241,28.5307259
946,77.2447594,28.5309785
947,77.2447663,28.5370905
948,77.2448434,28.5298164
949,77.2448514,28.5289732
950,77.2449546,28.588365
951,77.245015,28.529268
952,77.2450791,28.5306668
953,77.2450899,28.5288441
954,77.2451282,28.5317077
955,77.2451568,28.5296215
956,77.2451934,28.5309195
957,77.245248,28.5291267
958,77.245452,28.5317765
959,77.2454535,28.5305791
960,77.2454813,28.5294266
961,77.2455234,28.5308841
962,77.2458695,28.5305376
963,77.2460273,28.5282301
964,77.2461307,28.5907723
965,77.2461552,28.5290708
966,77.2462297,28.5285639
967,77.2463561,28.5820509
968,77.2464297,28.5289173
969,77.2465333,28.5338949
970,77.2465767,28.5304061
971,77.2466393,28.5306273
972,77.2466428,28.532007
973,77.2467725,28.5340563
974,77.2469261,28.5303646
975,77.2469478,28.5320831
976,77.2469582,28.5305512
977,77.2473237,28.532366
978,77.2473887,28.5321804
979,77.2475204,28.5315317
980,77.2476287,28.5324086
981,77.2476868,28.5322505
982,77.2478151,28.5316992
983,77.2481823,28.7199257
984,77.2489031,28.5810099
985,77.2492503,28.4244119
986,77.2503854,28.5896671
987,77.2513426,28.5583652
988,77.2513847,28.5685108
989,77.2547041,28.5652204
990,77.2559224,28.5424114
991,77.2609711,28.701012
992,77.2621727,28.663645
993,77.2637936,28.5351561
994,77.2661233,28.57008
995,77.2667188,28.5603226
996,77.2670313,28.5126328
997,77.2680521,28.7829844
998,77.270797,28.5119716
999,77.2726011,28.6737363
1000,77.2727684,28.3962288
1001,77.2727728,28.700372
1002,77.2728949,28.532635
1003,77.2732252,28.5471756
1004,77.2747605,28.533369
1005,77.2747898,28.7311406
1006,77.2755623,28.6507658
1007,77.275853,28.5338474
1008,77.2780543,28.5358098
1009,77.2791664,28.3838745
1010,77.2795341,28.3727419
1011,77.2795467,28.3631098
1012,77.2796488,28.3696746
1013,77.2799267,28.5222759
1014,77.2804976,28.7632356
1015,77.2814216,28.3531671
1016,77.2833729,28.6588625
1017,77.2833902,28.6643612
1018,77.2846843,28.3933632
1019,77.2848447,28.364033
1020,77.285339,28.619073
1021,77.2854805,28.6191085
1022,77.2856589,28.6191398
1023,77.2861854,28.6186857
1024,77.2862088,28.6188892
1025,77.286263,28.6149866
1026,77.2862991,28.6149259
1027,77.2863728,28.6150305
1028,77.2863948,28.618614
1029,77.2865244,28.6183692
1030,77.2865333,28.6183527
1031,77.2868012,28.6179042
1032,77.2868663,28.6673266
1033,77.2878879,28.6143875
1034,77.2879059,28.615747
1035,77.2879731,28.6156542
1036,77.2880051,28.6155868
1037,77.2880435,28.6155194
1038,77.2881887,28.4047477
1039,77.2881971,28.6152974
1040,77.2882387,28.6152131
1041,77.2882963,28.6151401
1042,77.2888602,28.3754948
1043,77.2890565,28.3695191
1044,77.2898712,28.5402284
1045,77.2900677,28.731818
1046,77.2904694,28.3479685
1047,77.2904925,28.379447
1048,77.2905245,28.4312171
1049,77.2910181,28.4161906
1050,77.2912905,28.433509
1051,77.2913552,28.6789322
1052,77.2924707,28.4329618
1053,77.2932499,28.5330928
1054,77.2938022,28.3662212
1055,77.2948258,28.3907355
1056,77.29496,28.6644357
1057,77.295043,28.3523859
1058,77.2951746,28.6377532
1059,77.2954887,28.5514681
1060,77.298804,28.4496217
1061,77.2992435,28.4174426
1062,77.2993027,28.4315913
1063,77.2997752,28.4233751
1064,77.3010484,28.43815
1065,77.3026233,28.5115704
1066,77.3029449,28.3516639
1067,77.3053969,28.6069351
1068,77.3057517,28.6207602
1069,77.3068634,28.4942102
1070,77.3068719,28.5207056
1071,77.3075324,28.4346337
1072,77.3092788,28.4173339
1073,77.3108848,28.3690494
1074,77.3110837,28.3622599
1075,77.3114825,28.6527429
1076,77.3135991,28.4215944
1077,77.3136173,28.4418409
1078,77.3142083,28.4101335
1079,77.3143405,28.4338856
1080,77.31469,28.4033
1081,77.3162551,28.3787085
1082,77.3169365,28.396102
1083,77.3180547,28.371769
1084,77.3187352,28.4170378
1085,77.3219476,28.396755
1086,77.3221462,28.4340851
1087,77.3222805,28.4079019
1088,77.3223609,28.3850637
1089,77.3226404,28.6423483
1090,77.3228719,28.3948721
1091,77.3255757,28.4195263
1092,77.3258169,28.3766016
1093,77.3266952,28.6398524
1094,77.3297826,28.5766287
1095,77.3311301,28.4086306
1096,77.3311348,28.3945215
1097,77.3338238,28.3864451
1098,77.3397103,28.6438736
1099,77.3420246,28.5558509
1100,77.3422231,28.5762127
1101,77.3477318,28.5885014
1102,77.3480347,28.586944
1103,77.3506184,28.5537834
1104,77.3586707,28.5758201
1105,77.3727133,28.6625878
1106,77.3754881,28.6036193
1107,77.3777535,28.642395
1108,77.3876615,28.6130333
1109,77.3973739,28.5396018
1110,77.411821,28.6716766
