house_data_x,house_data_y,demand_per_house_liters,area_per_house_metersq,capacity_for_tank_per_house_lt,rainfall_estimate_for_city_mm,average_length_of_pipe_per_house,fixed_cost_of_tank_placement_per_house,cost_per_liters_tank_per_house
76.824,28.447,82.555,84.725,8.473,100,36.289,10000,500
76.892,28.468,149.185,60.857,6.086,100,32.036,10000,500
76.923,28.472,129.046,72.823,7.282,100,92.775,10000,500
76.933,28.69,103.514,123.224,12.322,100,21.615,10000,500
76.961,28.476,138.877,41.744,4.174,100,10.311,10000,500
76.963,28.488,129.098,21.236,2.124,100,-4.996,10000,500
76.967,28.374,173.59,89.283,8.928,100,29.817,10000,500
76.979,28.611,183.159,113.337,11.334,100,14.932,10000,500
76.994,28.463,86.941,153.863,15.386,100,28.825,10000,500
77.0,28.446,65.566,116.738,11.674,100,59.655,10000,500
77.008,28.474,65.254,162.955,16.295,100,11.112,10000,500
77.018,28.479,197.021,130.966,13.097,100,43.305,10000,500
77.021,28.528,190.271,110.153,11.015,100,11.064,10000,500
77.023,28.442,122.816,97.016,9.702,100,48.656,10000,500
77.026,28.505,71.259,112.665,11.267,100,11.618,10000,500
77.029,28.594,105.709,113.868,11.387,100,18.034,10000,500
77.029,28.506,175.679,49.824,4.982,100,-35.528,10000,500
77.029,28.461,117.557,29.637,2.964,100,-14.417,10000,500
77.03,28.464,95.553,106.362,10.636,100,-42.968,10000,500
77.03,28.407,145.848,39.437,3.944,100,-6.569,10000,500
77.03,28.511,125.282,-22.417,-2.242,100,-1.331,10000,500
77.031,28.605,59.236,76.011,7.601,100,56.859,10000,500
77.031,28.505,119.458,157.421,15.742,100,23.048,10000,500
77.031,28.506,78.752,121.732,12.173,100,3.503,10000,500
77.031,28.505,101.981,146.091,14.609,100,-3.859,10000,500
77.031,28.506,73.602,91.701,9.17,100,111.101,10000,500
77.032,28.504,74.485,218.836,21.884,100,2.275,10000,500
77.033,28.509,55.586,44.12,4.412,100,52.759,10000,500
77.033,28.509,154.381,50.7,5.07,100,39.404,10000,500
77.033,28.508,133.67,46.811,4.681,100,84.474,10000,500
77.033,28.509,46.634,121.911,12.191,100,-80.071,10000,500
77.033,28.508,160.902,90.67,9.067,100,-23.611,10000,500
77.034,28.509,268.186,108.003,10.8,100,103.377,10000,500
77.034,28.509,58.387,90.875,9.088,100,2.756,10000,500
77.034,28.462,82.983,98.207,9.821,100,71.126,10000,500
77.034,28.585,7.071,73.396,7.34,100,2.657,10000,500
77.034,28.544,100.041,77.289,7.729,100,72.004,10000,500
77.035,28.508,117.579,66.498,6.65,100,90.091,10000,500
77.035,28.508,176.075,-46.497,-4.65,100,-44.777,10000,500
77.035,28.508,65.976,108.001,10.8,100,-37.003,10000,500
77.035,28.508,146.903,143.028,14.303,100,46.179,10000,500
77.035,28.508,65.929,67.437,6.744,100,6.803,10000,500
77.035,28.509,89.945,72.16,7.216,100,95.511,10000,500
77.035,28.509,99.126,117.25,11.725,100,22.097,10000,500
77.035,28.51,10.604,49.35,4.935,100,75.783,10000,500
77.035,28.51,57.413,20.549,2.055,100,46.912,10000,500
77.035,28.511,18.585,203.309,20.331,100,58.513,10000,500
77.035,28.509,148.35,97.953,9.795,100,-5.736,10000,500
77.035,28.51,102.656,72.573,7.257,100,34.739,10000,500
77.035,28.51,114.486,180.4,18.04,100,-11.135,10000,500
77.035,28.512,103.122,29.04,2.904,100,22.314,10000,500
77.035,28.507,45.094,102.606,10.261,100,88.859,10000,500
77.036,28.508,106.527,53.695,5.369,100,20.212,10000,500
77.036,28.506,90.733,208.768,20.877,100,18.426,10000,500
77.036,28.509,32.963,38.601,3.86,100,70.659,10000,500
77.036,28.508,83.799,96.157,9.616,100,59.446,10000,500
77.036,28.51,174.218,44.304,4.43,100,88.15,10000,500
77.036,28.51,165.654,190.736,19.074,100,80.255,10000,500
77.036,28.507,68.392,73.241,7.324,100,26.363,10000,500
77.036,28.508,80.421,92.099,9.21,100,-56.824,10000,500
77.036,28.507,-18.425,159.268,15.927,100,40.717,10000,500
77.036,28.512,70.466,128.817,12.882,100,64.949,10000,500
77.036,28.509,14.35,119.288,11.929,100,-12.926,10000,500
77.036,28.509,34.357,72.903,7.29,100,47.938,10000,500
77.036,28.51,122.689,105.451,10.545,100,111.153,10000,500
77.036,28.51,10.834,53.257,5.326,100,32.368,10000,500
77.036,28.512,171.276,92.72,9.272,100,79.226,10000,500
77.036,28.435,82.715,117.529,11.753,100,15.519,10000,500
77.036,28.508,149.933,65.653,6.565,100,51.634,10000,500
77.036,28.51,136.269,57.093,5.709,100,39.267,10000,500
77.037,28.51,53.58,97.046,9.705,100,27.349,10000,500
77.037,28.511,66.001,194.557,19.456,100,-8.078,10000,500
77.037,28.507,44.369,16.909,1.691,100,52.693,10000,500
77.037,28.508,100.624,93.39,9.339,100,37.253,10000,500
77.037,28.51,73.684,141.332,14.133,100,-44.01,10000,500
77.037,28.601,66.023,21.174,2.117,100,14.199,10000,500
77.037,28.42,172.997,5.765,0.577,100,21.845,10000,500
77.037,28.508,168.329,101.09,10.109,100,125.115,10000,500
77.037,28.508,185.405,74.381,7.438,100,22.692,10000,500
77.037,28.508,111.952,137.011,13.701,100,25.391,10000,500
77.037,28.51,77.003,80.034,8.003,100,-47.841,10000,500
77.037,28.507,157.916,198.588,19.859,100,-7.226,10000,500
77.037,28.507,112.684,156.504,15.65,100,-99.077,10000,500
77.037,28.507,110.187,129.835,12.984,100,5.79,10000,500
77.037,28.507,188.66,117.341,11.734,100,-73.828,10000,500
77.037,28.508,149.43,132.115,13.211,100,90.22,10000,500
77.037,28.51,59.429,115.142,11.514,100,25.604,10000,500
77.038,28.452,23.837,114.451,11.445,100,79.588,10000,500
77.038,28.513,84.95,125.633,12.563,100,88.108,10000,500
77.038,28.51,80.469,135.266,13.527,100,14.766,10000,500
77.038,28.51,123.402,82.898,8.29,100,-72.945,10000,500
77.038,28.589,175.677,50.201,5.02,100,47.065,10000,500
77.038,28.508,121.232,25.502,2.55,100,13.183,10000,500
77.039,28.508,106.117,92.534,9.253,100,20.064,10000,500
77.039,28.509,30.618,111.56,11.156,100,77.065,10000,500
77.039,28.508,76.648,139.731,13.973,100,13.498,10000,500
77.039,28.441,163.68,89.267,8.927,100,87.142,10000,500
77.039,28.511,106.086,92.96,9.296,100,29.359,10000,500
77.039,28.508,39.127,-12.846,-1.285,100,-60.613,10000,500
77.039,28.593,120.164,138.996,13.9,100,11.594,10000,500
77.04,28.454,26.345,146.218,14.622,100,66.795,10000,500
77.04,28.51,59.627,174.383,17.438,100,48.58,10000,500
77.04,28.51,48.362,127.064,12.706,100,11.943,10000,500
77.04,28.509,142.642,128.676,12.868,100,32.707,10000,500
77.04,28.51,60.247,107.52,10.752,100,100.57,10000,500
77.04,28.625,146.608,127.43,12.743,100,37.777,10000,500
77.04,28.509,185.058,112.5,11.25,100,10.341,10000,500
77.041,28.455,105.727,106.665,10.666,100,76.09,10000,500
77.042,28.606,85.965,114.72,11.472,100,25.44,10000,500
77.042,28.446,42.01,165.904,16.59,100,113.273,10000,500
77.042,28.476,200.387,41.194,4.119,100,25.466,10000,500
77.043,28.42,99.644,109.686,10.969,100,-39.685,10000,500
77.043,28.42,129.72,55.409,5.541,100,-60.5,10000,500
77.043,28.644,104.339,140.268,14.027,100,119.084,10000,500
77.043,28.42,84.489,48.494,4.849,100,8.992,10000,500
77.043,28.42,119.355,103.133,10.313,100,-0.705,10000,500
77.043,28.419,34.416,168.92,16.892,100,72.113,10000,500
77.043,28.42,193.411,159.634,15.963,100,53.887,10000,500
77.043,28.419,70.81,88.26,8.826,100,-45.224,10000,500
77.043,28.42,96.817,134.807,13.481,100,-24.387,10000,500
77.043,28.42,100.198,227.929,22.793,100,30.963,10000,500
77.043,28.419,88.321,91.749,9.175,100,-3.631,10000,500
77.043,28.42,165.741,86.701,8.67,100,-26.304,10000,500
77.043,28.419,6.738,143.58,14.358,100,35.192,10000,500
77.043,28.42,119.458,63.425,6.342,100,-56.966,10000,500
77.043,28.419,172.989,140.76,14.076,100,29.33,10000,500
77.043,28.42,81.984,77.944,7.794,100,46.515,10000,500
77.043,28.419,77.365,98.987,9.899,100,23.471,10000,500
77.043,28.42,168.791,27.8,2.78,100,19.051,10000,500
77.043,28.42,92.704,80.139,8.014,100,112.844,10000,500
77.043,28.47,25.277,84.461,8.446,100,-4.547,10000,500
77.043,28.419,187.479,114.867,11.487,100,10.972,10000,500
77.043,28.419,172.459,70.114,7.011,100,13.206,10000,500
77.043,28.42,49.659,58.167,5.817,100,36.604,10000,500
77.043,28.419,162.928,152.319,15.232,100,-9.748,10000,500
77.043,28.42,126.457,87.877,8.788,100,60.623,10000,500
77.043,28.42,74.288,82.65,8.265,100,20.193,10000,500
77.043,28.42,-18.937,41.736,4.174,100,108.859,10000,500
77.044,28.42,117.855,108.464,10.846,100,18.107,10000,500
77.044,28.42,175.668,120.531,12.053,100,52.575,10000,500
77.044,28.42,70.673,96.07,9.607,100,24.466,10000,500
77.044,28.42,65.417,66.31,6.631,100,26.246,10000,500
77.044,28.419,85.009,114.148,11.415,100,24.734,10000,500
77.044,28.42,82.651,159.056,15.906,100,57.944,10000,500
77.044,28.419,129.516,56.061,5.606,100,42.903,10000,500
77.044,28.42,187.978,114.664,11.466,100,45.128,10000,500
77.044,28.419,59.81,-26.104,-2.61,100,-24.806,10000,500
77.044,28.419,126.232,165.248,16.525,100,63.856,10000,500
77.044,28.42,160.741,139.587,13.959,100,58.04,10000,500
77.044,28.419,96.315,66.947,6.695,100,55.974,10000,500
77.044,28.42,152.338,86.367,8.637,100,25.944,10000,500
77.044,28.419,107.309,202.657,20.266,100,0.231,10000,500
77.044,28.416,139.84,119.428,11.943,100,-22.84,10000,500
77.044,28.417,78.303,22.035,2.204,100,33.598,10000,500
77.044,28.42,57.21,109.961,10.996,100,106.01,10000,500
77.044,28.42,165.632,71.856,7.186,100,54.683,10000,500
77.044,28.419,160.466,161.839,16.184,100,63.057,10000,500
77.044,28.419,86.966,115.836,11.584,100,-41.437,10000,500
77.045,28.419,124.182,-11.388,-1.139,100,9.311,10000,500
77.045,28.419,13.049,92.275,9.228,100,34.796,10000,500
77.045,28.419,77.392,158.488,15.849,100,8.176,10000,500
77.045,28.416,75.298,86.043,8.604,100,56.018,10000,500
77.045,28.419,236.8,107.389,10.739,100,57.243,10000,500
77.045,28.418,90.28,48.914,4.891,100,2.614,10000,500
77.045,28.419,130.436,102.782,10.278,100,-2.863,10000,500
77.045,28.419,174.6,105.264,10.526,100,-34.345,10000,500
77.045,28.423,104.733,121.331,12.133,100,-48.568,10000,500
77.045,28.418,104.577,144.224,14.422,100,-35.262,10000,500
77.045,28.417,110.916,125.433,12.543,100,-2.003,10000,500
77.045,28.418,141.972,36.894,3.689,100,72.099,10000,500
77.045,28.417,119.567,62.39,6.239,100,15.33,10000,500
77.045,28.418,80.538,133.593,13.359,100,-16.184,10000,500
77.046,28.424,55.201,98.7,9.87,100,84.132,10000,500
77.046,28.416,46.404,114.83,11.483,100,37.904,10000,500
77.046,28.417,82.703,78.732,7.873,100,-15.189,10000,500
77.046,28.419,74.563,172.427,17.243,100,14.393,10000,500
77.046,28.418,22.515,128.161,12.816,100,57.41,10000,500
77.046,28.417,127.902,47.707,4.771,100,7.702,10000,500
77.046,28.419,108.924,109.83,10.983,100,-4.274,10000,500
77.046,28.418,93.374,-12.974,-1.297,100,9.939,10000,500
77.047,28.418,154.461,116.172,11.617,100,12.803,10000,500
77.047,28.41,148.904,-64.864,-6.486,100,13.387,10000,500
77.047,28.408,131.53,71.08,7.108,100,83.627,10000,500
77.047,28.561,104.569,141.057,14.106,100,121.893,10000,500
77.047,28.466,104.393,80.121,8.012,100,-12.956,10000,500
77.047,28.417,115.07,79.351,7.935,100,47.045,10000,500
77.047,28.416,228.64,43.048,4.305,100,11.083,10000,500
77.047,28.417,80.629,139.288,13.929,100,-21.306,10000,500
77.048,28.416,116.584,126.361,12.636,100,72.805,10000,500
77.048,28.416,99.862,96.148,9.615,100,71.77,10000,500
77.048,28.416,112.317,103.569,10.357,100,4.753,10000,500
77.048,28.393,157.74,85.357,8.536,100,4.607,10000,500
77.048,28.473,115.816,76.694,7.669,100,6.542,10000,500
77.049,28.601,114.348,93.945,9.395,100,-27.807,10000,500
77.049,28.514,60.671,93.691,9.369,100,53.748,10000,500
77.049,28.416,61.012,-52.862,-5.286,100,18.38,10000,500
77.049,28.416,112.406,78.442,7.844,100,38.449,10000,500
77.049,28.417,115.398,122.18,12.218,100,122.264,10000,500
77.049,28.43,155.439,131.655,13.166,100,10.501,10000,500
77.05,28.454,29.332,123.253,12.325,100,-36.469,10000,500
77.05,28.377,134.387,44.433,4.443,100,30.928,10000,500
77.05,28.416,136.867,45.746,4.575,100,90.069,10000,500
77.051,28.435,43.958,121.827,12.183,100,82.889,10000,500
77.051,28.443,102.75,99.047,9.905,100,21.753,10000,500
77.051,28.462,228.421,57.322,5.732,100,18.654,10000,500
77.051,28.606,82.071,104.503,10.45,100,100.061,10000,500
77.051,28.419,14.649,110.367,11.037,100,53.661,10000,500
77.051,28.435,104.225,54.259,5.426,100,54.763,10000,500
77.051,28.435,12.26,102.956,10.296,100,14.051,10000,500
77.051,28.435,96.834,164.543,16.454,100,-18.291,10000,500
77.052,28.434,105.747,71.532,7.153,100,11.903,10000,500
77.052,28.46,119.722,156.661,15.666,100,4.517,10000,500
77.052,28.436,149.081,136.884,13.688,100,-3.917,10000,500
77.052,28.433,121.076,172.181,17.218,100,43.099,10000,500
77.053,28.434,114.434,108.416,10.842,100,84.685,10000,500
77.053,28.436,93.679,84.967,8.497,100,-6.793,10000,500
77.053,28.434,55.6,32.194,3.219,100,39.739,10000,500
77.053,28.591,144.235,82.344,8.234,100,32.267,10000,500
77.053,28.432,87.233,123.496,12.35,100,76.73,10000,500
77.053,28.433,52.48,118.921,11.892,100,25.135,10000,500
77.053,28.434,187.877,76.433,7.643,100,-31.622,10000,500
77.053,28.432,93.349,111.593,11.159,100,35.091,10000,500
77.054,28.432,38.348,76.693,7.669,100,43.728,10000,500
77.054,28.434,145.836,83.992,8.399,100,41.903,10000,500
77.054,28.433,93.039,101.307,10.131,100,48.483,10000,500
77.054,28.576,77.091,202.959,20.296,100,12.396,10000,500
77.054,28.431,182.043,45.612,4.561,100,-41.027,10000,500
77.054,28.432,159.301,106.541,10.654,100,-19.238,10000,500
77.054,28.435,122.585,91.364,9.136,100,-0.856,10000,500
77.054,28.419,132.145,37.893,3.789,100,-33.258,10000,500
77.054,28.431,77.239,88.704,8.87,100,-26.121,10000,500
77.054,28.432,77.063,117.042,11.704,100,-2.463,10000,500
77.054,28.419,169.239,125.399,12.54,100,43.956,10000,500
77.054,28.432,151.873,122.068,12.207,100,115.458,10000,500
77.055,28.431,172.59,16.49,1.649,100,57.549,10000,500
77.055,28.433,103.625,166.695,16.669,100,14.052,10000,500
77.055,28.431,166.805,146.745,14.675,100,-29.646,10000,500
77.055,28.419,125.486,14.885,1.488,100,27.707,10000,500
77.055,28.433,166.816,21.057,2.106,100,-50.036,10000,500
77.055,28.432,75.209,123.394,12.339,100,-1.157,10000,500
77.055,28.431,119.23,86.423,8.642,100,93.78,10000,500
77.055,28.476,46.731,54.11,5.411,100,30.959,10000,500
77.055,28.432,98.766,172.565,17.256,100,57.131,10000,500
77.055,28.433,13.161,21.875,2.188,100,42.593,10000,500
77.055,28.432,155.11,101.05,10.105,100,49.729,10000,500
77.055,28.432,74.842,145.674,14.567,100,23.97,10000,500
77.056,28.417,41.995,79.967,7.997,100,50.357,10000,500
77.056,28.431,96.287,46.122,4.612,100,86.734,10000,500
77.056,28.432,119.336,71.743,7.174,100,38.546,10000,500
77.056,28.43,148.325,35.34,3.534,100,-51.68,10000,500
77.056,28.431,-1.876,82.94,8.294,100,-25.743,10000,500
77.056,28.431,190.04,108.009,10.801,100,72.321,10000,500
77.056,28.431,54.737,196.721,19.672,100,-0.809,10000,500
77.056,28.43,96.077,57.729,5.773,100,56.391,10000,500
77.056,28.431,41.253,104.895,10.489,100,49.484,10000,500
77.056,28.43,244.828,109.105,10.91,100,78.997,10000,500
77.056,28.433,90.115,121.471,12.147,100,2.681,10000,500
77.056,28.431,45.083,20.952,2.095,100,125.01,10000,500
77.056,28.43,53.38,109.903,10.99,100,61.529,10000,500
77.056,28.43,38.409,135.571,13.557,100,-2.939,10000,500
77.056,28.434,139.501,172.909,17.291,100,28.32,10000,500
77.056,28.431,137.795,30.218,3.022,100,-22.077,10000,500
77.056,28.43,52.085,90.233,9.023,100,27.046,10000,500
77.056,28.432,-10.636,53.027,5.303,100,23.871,10000,500
77.057,28.43,93.253,76.44,7.644,100,-17.021,10000,500
77.057,28.433,78.015,181.387,18.139,100,-4.665,10000,500
77.057,28.431,140.697,134.635,13.463,100,80.019,10000,500
77.057,28.43,74.445,93.661,9.366,100,76.622,10000,500
77.057,28.432,96.902,123.621,12.362,100,104.805,10000,500
77.057,28.43,101.038,13.974,1.397,100,-0.998,10000,500
77.057,28.432,68.38,65.332,6.533,100,85.385,10000,500
77.057,28.431,153.489,89.614,8.961,100,16.788,10000,500
77.057,28.433,140.475,88.21,8.821,100,51.437,10000,500
77.057,28.431,110.19,77.034,7.703,100,65.043,10000,500
77.057,28.432,93.203,74.458,7.446,100,-48.606,10000,500
77.057,28.433,140.55,91.829,9.183,100,58.198,10000,500
77.057,28.431,94.09,123.989,12.399,100,9.518,10000,500
77.057,28.431,116.518,84.281,8.428,100,-8.561,10000,500
77.057,28.601,173.855,21.188,2.119,100,-4.349,10000,500
77.057,28.433,96.958,120.884,12.088,100,25.451,10000,500
77.057,28.433,50.092,134.34,13.434,100,4.705,10000,500
77.057,28.433,82.303,66.494,6.649,100,33.719,10000,500
77.057,28.431,96.642,130.828,13.083,100,43.663,10000,500
77.057,28.432,10.572,95.638,9.564,100,75.082,10000,500
77.058,28.431,29.444,243.853,24.385,100,47.155,10000,500
77.058,28.433,62.646,53.101,5.31,100,16.509,10000,500
77.058,28.418,107.722,145.898,14.59,100,23.178,10000,500
77.058,28.417,54.313,135.632,13.563,100,-1.96,10000,500
77.058,28.418,137.325,58.046,5.805,100,-15.527,10000,500
77.058,28.418,124.585,69.08,6.908,100,51.636,10000,500
77.058,28.432,35.766,17.88,1.788,100,67.295,10000,500
77.058,28.429,57.299,159.181,15.918,100,32.47,10000,500
77.058,28.45,91.373,135.212,13.521,100,-50.618,10000,500
77.058,28.431,117.301,185.402,18.54,100,27.786,10000,500
77.058,28.432,110.318,58.838,5.884,100,-1.83,10000,500
77.058,28.429,124.699,33.679,3.368,100,73.869,10000,500
77.058,28.429,153.858,125.674,12.567,100,48.447,10000,500
77.058,28.43,100.186,145.562,14.556,100,105.647,10000,500
77.058,28.431,161.311,68.451,6.845,100,-41.268,10000,500
77.058,28.432,105.63,99.832,9.983,100,19.817,10000,500
77.058,28.428,28.962,61.857,6.186,100,83.459,10000,500
77.058,28.429,80.816,94.852,9.485,100,-3.211,10000,500
77.058,28.43,94.076,169.64,16.964,100,-49.099,10000,500
77.058,28.429,99.544,65.631,6.563,100,69.867,10000,500
77.058,28.419,-18.554,39.299,3.93,100,-9.152,10000,500
77.058,28.431,69.702,17.733,1.773,100,76.931,10000,500
77.058,28.43,97.46,198.375,19.837,100,4.2,10000,500
77.058,28.43,90.53,56.028,5.603,100,-15.785,10000,500
77.058,28.429,63.239,65.202,6.52,100,44.099,10000,500
77.058,28.416,52.429,82.63,8.263,100,32.203,10000,500
77.058,28.431,202.225,110.346,11.035,100,26.202,10000,500
77.058,28.43,62.845,123.327,12.333,100,11.929,10000,500
77.058,28.431,70.72,104.918,10.492,100,30.513,10000,500
77.059,28.428,95.624,101.965,10.196,100,38.382,10000,500
77.059,28.418,104.092,99.921,9.992,100,151.57,10000,500
77.059,28.431,136.042,88.519,8.852,100,25.06,10000,500
77.059,28.417,165.699,141.809,14.181,100,14.864,10000,500
77.059,28.43,113.797,50.275,5.027,100,66.616,10000,500
77.059,28.418,199.022,150.941,15.094,100,24.995,10000,500
77.059,28.417,97.04,92.567,9.257,100,18.026,10000,500
77.059,28.432,64.781,16.737,1.674,100,21.802,10000,500
77.059,28.43,179.773,115.18,11.518,100,53.807,10000,500
77.059,28.432,102.143,23.25,2.325,100,0.17,10000,500
77.059,28.43,113.407,83.42,8.342,100,71.472,10000,500
77.059,28.432,72.762,224.819,22.482,100,14.743,10000,500
77.059,28.417,108.464,3.841,0.384,100,3.431,10000,500
77.059,28.418,152.077,115.784,11.578,100,46.039,10000,500
77.059,28.431,171.43,59.423,5.942,100,7.761,10000,500
77.059,28.432,-7.22,129.358,12.936,100,-16.847,10000,500
77.059,28.431,103.806,14.001,1.4,100,-25.778,10000,500
77.059,28.43,111.613,87.224,8.722,100,-20.985,10000,500
77.059,28.43,16.888,126.412,12.641,100,31.763,10000,500
77.059,28.432,75.42,48.543,4.854,100,-6.948,10000,500
77.059,28.431,50.219,75.06,7.506,100,169.996,10000,500
77.06,28.429,182.949,235.368,23.537,100,24.436,10000,500
77.06,28.433,93.754,121.481,12.148,100,24.738,10000,500
77.06,28.43,45.018,73.997,7.4,100,72.848,10000,500
77.06,28.507,128.702,166.191,16.619,100,-16.061,10000,500
77.06,28.432,145.934,-9.74,-0.974,100,1.498,10000,500
77.06,28.573,91.894,134.087,13.409,100,11.572,10000,500
77.06,28.433,58.923,134.39,13.439,100,65.872,10000,500
77.06,28.433,26.981,103.119,10.312,100,24.738,10000,500
77.06,28.431,108.341,63.117,6.312,100,62.33,10000,500
77.06,28.436,115.301,100.085,10.009,100,4.214,10000,500
77.06,28.559,125.043,123.263,12.326,100,50.437,10000,500
77.06,28.433,170.638,107.046,10.705,100,40.157,10000,500
77.06,28.474,11.222,67.657,6.766,100,-5.931,10000,500
77.06,28.431,83.292,61.437,6.144,100,7.53,10000,500
77.06,28.432,122.691,167.829,16.783,100,45.503,10000,500
77.06,28.431,176.218,183.428,18.343,100,-13.056,10000,500
77.06,28.473,125.374,67.383,6.738,100,8.805,10000,500
77.06,28.436,116.822,103.214,10.321,100,-3.735,10000,500
77.06,28.431,55.118,84.218,8.422,100,73.804,10000,500
77.06,28.478,106.99,248.698,24.87,100,75.619,10000,500
77.06,28.433,70.551,6.407,0.641,100,56.834,10000,500
77.06,28.432,9.669,169.461,16.946,100,-3.008,10000,500
77.06,28.436,7.884,74.183,7.418,100,-13.593,10000,500
77.06,28.436,188.959,4.983,0.498,100,68.023,10000,500
77.06,28.433,99.709,42.67,4.267,100,15.624,10000,500
77.06,28.473,32.607,56.992,5.699,100,81.694,10000,500
77.06,28.532,7.538,31.16,3.116,100,55.84,10000,500
77.06,28.473,11.483,26.202,2.62,100,80.854,10000,500
77.06,28.436,127.018,136.557,13.656,100,67.769,10000,500
77.061,28.428,11.959,88.489,8.849,100,-21.037,10000,500
77.061,28.432,85.752,130.403,13.04,100,39.909,10000,500
77.061,28.433,176.204,70.127,7.013,100,-38.559,10000,500
77.061,28.474,114.437,138.936,13.894,100,-2.567,10000,500
77.061,28.432,202.489,55.414,5.541,100,37.636,10000,500
77.061,28.473,67.87,72.811,7.281,100,46.62,10000,500
77.061,28.431,123.52,6.051,0.605,100,64.384,10000,500
77.061,28.474,113.552,127.496,12.75,100,15.808,10000,500
77.061,28.473,112.485,116.184,11.618,100,12.392,10000,500
77.061,28.431,107.19,72.291,7.229,100,97.441,10000,500
77.061,28.432,133.197,91.19,9.119,100,100.986,10000,500
77.061,28.431,121.965,52.291,5.229,100,127.576,10000,500
77.061,28.474,-17.222,95.837,9.584,100,-4.035,10000,500
77.061,28.473,113.402,-5.139,-0.514,100,95.399,10000,500
77.061,28.433,99.177,112.623,11.262,100,-24.161,10000,500
77.061,28.42,7.566,56.123,5.612,100,53.789,10000,500
77.061,28.431,114.455,76.34,7.634,100,-39.369,10000,500
77.061,28.474,82.643,101.059,10.106,100,23.246,10000,500
77.061,28.473,92.523,98.371,9.837,100,13.689,10000,500
77.061,28.46,97.705,113.684,11.368,100,47.124,10000,500
77.061,28.473,93.763,11.444,1.144,100,-66.585,10000,500
77.061,28.433,123.917,113.669,11.367,100,60.789,10000,500
77.061,28.473,73.995,97.244,9.724,100,80.089,10000,500
77.062,28.432,25.963,32.079,3.208,100,5.051,10000,500
77.062,28.473,88.271,149.779,14.978,100,-39.196,10000,500
77.062,28.434,132.571,66.842,6.684,100,33.665,10000,500
77.062,28.473,31.022,126.953,12.695,100,80.67,10000,500
77.062,28.474,51.77,73.188,7.319,100,44.391,10000,500
77.062,28.432,86.802,119.95,11.995,100,117.832,10000,500
77.062,28.35,48.455,153.711,15.371,100,85.95,10000,500
77.062,28.435,192.303,103.117,10.312,100,9.034,10000,500
77.062,28.434,80.766,-19.385,-1.939,100,82.2,10000,500
77.062,28.416,-11.405,-7.956,-0.796,100,24.099,10000,500
77.062,28.435,128.001,102.054,10.205,100,37.423,10000,500
77.062,28.435,56.884,100.808,10.081,100,-12.176,10000,500
77.063,28.454,5.065,167.561,16.756,100,69.741,10000,500
77.063,28.471,90.754,109.66,10.966,100,28.492,10000,500
77.063,28.618,76.115,139.638,13.964,100,58.812,10000,500
77.064,28.414,52.102,140.751,14.075,100,26.875,10000,500
77.064,28.626,41.401,68.045,6.805,100,44.078,10000,500
77.064,28.419,128.836,163.757,16.376,100,27.654,10000,500
77.064,28.592,54.692,75.104,7.51,100,33.402,10000,500
77.065,28.412,42.5,100.198,10.02,100,66.453,10000,500
77.065,28.639,72.172,63.87,6.387,100,47.528,10000,500
77.065,28.481,35.544,134.895,13.489,100,64.43,10000,500
77.065,28.417,170.097,38.088,3.809,100,-1.937,10000,500
77.066,28.598,93.133,91.669,9.167,100,-23.739,10000,500
77.067,28.454,39.499,112.588,11.259,100,10.936,10000,500
77.067,28.443,134.03,79.611,7.961,100,85.634,10000,500
77.071,28.487,113.819,56.012,5.601,100,63.693,10000,500
77.072,28.557,155.331,97.724,9.772,100,37.237,10000,500
77.074,28.635,129.602,51.026,5.103,100,82.297,10000,500
77.074,28.481,34.61,97.284,9.728,100,51.055,10000,500
77.075,28.541,130.406,88.37,8.837,100,-23.015,10000,500
77.075,28.595,53.929,150.861,15.086,100,-17.84,10000,500
77.075,28.482,93.492,173.094,17.309,100,-16.462,10000,500
77.075,28.481,125.34,79.731,7.973,100,-3.414,10000,500
77.075,28.48,150.503,70.339,7.034,100,80.417,10000,500
77.075,28.482,94.476,48.246,4.825,100,28.547,10000,500
77.076,28.482,-0.793,38.137,3.814,100,19.898,10000,500
77.076,28.481,96.215,64.614,6.461,100,73.48,10000,500
77.076,28.48,90.323,105.587,10.559,100,75.633,10000,500
77.076,28.467,143.501,139.629,13.963,100,69.714,10000,500
77.076,28.483,171.373,91.343,9.134,100,-9.236,10000,500
77.076,28.468,126.629,38.426,3.843,100,39.972,10000,500
77.076,28.481,74.028,44.715,4.471,100,14.367,10000,500
77.076,28.482,62.283,219.084,21.908,100,82.55,10000,500
77.076,28.469,169.494,37.982,3.798,100,57.138,10000,500
77.076,28.468,111.989,-28.747,-2.875,100,91.275,10000,500
77.077,28.482,86.317,141.818,14.182,100,-9.242,10000,500
77.077,28.47,235.191,25.965,2.596,100,23.16,10000,500
77.077,28.483,147.806,53.678,5.368,100,3.606,10000,500
77.077,28.484,105.715,27.802,2.78,100,-37.485,10000,500
77.077,28.484,52.794,-27.905,-2.791,100,-39.795,10000,500
77.077,28.481,19.566,91.871,9.187,100,42.932,10000,500
77.077,28.485,70.418,73.471,7.347,100,-5.793,10000,500
77.077,28.427,123.379,47.811,4.781,100,59.374,10000,500
77.078,28.469,172.382,96.512,9.651,100,22.1,10000,500
77.078,28.468,144.881,102.889,10.289,100,62.087,10000,500
77.078,28.359,57.27,52.657,5.266,100,1.271,10000,500
77.078,28.485,128.453,94.28,9.428,100,71.998,10000,500
77.078,28.468,201.712,108.435,10.844,100,40.469,10000,500
77.078,28.471,70.201,125.375,12.537,100,1.208,10000,500
77.079,28.483,145.469,126.952,12.695,100,15.676,10000,500
77.079,28.468,55.553,155.311,15.531,100,-20.742,10000,500
77.079,28.471,99.669,39.674,3.967,100,46.413,10000,500
77.079,28.486,150.271,93.046,9.305,100,-17.978,10000,500
77.079,28.483,206.158,93.039,9.304,100,42.983,10000,500
77.079,28.47,163.955,112.695,11.27,100,54.778,10000,500
77.079,28.465,49.204,66.439,6.644,100,34.285,10000,500
77.079,28.467,59.501,44.834,4.483,100,0.713,10000,500
77.079,28.462,105.043,51.29,5.129,100,54.569,10000,500
77.079,28.463,161.504,137.735,13.774,100,65.832,10000,500
77.079,28.469,116.168,123.739,12.374,100,49.204,10000,500
77.079,28.468,147.24,60.934,6.093,100,47.934,10000,500
77.079,28.469,71.589,60.125,6.012,100,51.338,10000,500
77.079,28.487,168.851,145.664,14.566,100,-1.345,10000,500
77.079,28.491,90.623,119.823,11.982,100,111.816,10000,500
77.079,28.47,125.65,130.969,13.097,100,-44.891,10000,500
77.079,28.468,32.891,-12.52,-1.252,100,56.498,10000,500
77.079,28.469,129.852,101.475,10.148,100,86.969,10000,500
77.079,28.465,164.62,92.824,9.282,100,98.281,10000,500
77.079,28.466,105.349,9.841,0.984,100,8.787,10000,500
77.079,28.462,92.268,62.464,6.246,100,-35.456,10000,500
77.079,28.464,55.509,151.396,15.14,100,41.5,10000,500
77.079,28.469,44.358,100.967,10.097,100,71.1,10000,500
77.079,28.484,32.488,39.559,3.956,100,29.566,10000,500
77.079,28.486,57.644,135.197,13.52,100,0.529,10000,500
77.079,28.486,168.455,84.411,8.441,100,51.688,10000,500
77.079,28.467,177.85,57.578,5.758,100,37.716,10000,500
77.08,28.483,84.616,108.69,10.869,100,-5.372,10000,500
77.08,28.465,161.931,35.929,3.593,100,22.734,10000,500
77.08,28.483,60.328,126.855,12.685,100,-36.715,10000,500
77.08,28.47,147.11,98.454,9.845,100,40.883,10000,500
77.08,28.471,144.305,94.416,9.442,100,30.918,10000,500
77.08,28.487,78.832,153.264,15.326,100,2.245,10000,500
77.08,28.482,137.609,63.311,6.331,100,-19.996,10000,500
77.08,28.483,50.416,101.939,10.194,100,-48.933,10000,500
77.08,28.486,19.632,171.653,17.165,100,105.675,10000,500
77.08,28.483,68.436,238.379,23.838,100,21.167,10000,500
77.08,28.483,82.667,159.159,15.916,100,12.531,10000,500
77.08,28.485,143.024,50.107,5.011,100,32.394,10000,500
77.08,28.482,146.735,139.632,13.963,100,106.137,10000,500
77.081,28.487,137.391,78.269,7.827,100,42.852,10000,500
77.081,28.484,150.902,91.549,9.155,100,41.562,10000,500
77.081,28.482,153.055,209.066,20.907,100,41.374,10000,500
77.081,28.489,156.695,130.076,13.008,100,14.876,10000,500
77.081,28.484,90.349,128.589,12.859,100,-21.27,10000,500
77.081,28.483,141.665,6.434,0.643,100,55.954,10000,500
77.081,28.464,49.925,42.139,4.214,100,63.06,10000,500
77.081,28.484,89.652,110.206,11.021,100,62.125,10000,500
77.081,28.456,84.948,105.838,10.584,100,47.14,10000,500
77.081,28.483,138.451,109.091,10.909,100,17.735,10000,500
77.081,28.484,123.974,64.085,6.409,100,-21.674,10000,500
77.081,28.483,143.767,117.165,11.716,100,65.648,10000,500
77.081,28.482,22.29,86.601,8.66,100,40.274,10000,500
77.081,28.462,131.323,60.981,6.098,100,21.468,10000,500
77.081,28.487,136.657,77.538,7.754,100,55.926,10000,500
77.081,28.485,119.803,94.75,9.475,100,76.543,10000,500
77.081,28.483,34.043,64.834,6.483,100,-15.468,10000,500
77.081,28.482,197.714,94.175,9.418,100,17.242,10000,500
77.082,28.483,113.593,131.68,13.168,100,46.225,10000,500
77.082,28.476,139.978,139.552,13.955,100,101.798,10000,500
77.082,28.485,47.218,93.471,9.347,100,33.925,10000,500
77.082,28.487,93.426,105.768,10.577,100,46.146,10000,500
77.082,28.451,108.131,131.139,13.114,100,-77.381,10000,500
77.082,28.63,157.806,47.45,4.745,100,72.183,10000,500
77.082,28.464,48.696,160.123,16.012,100,-34.785,10000,500
77.082,28.484,103.828,2.035,0.203,100,30.579,10000,500
77.082,28.463,100.709,66.601,6.66,100,40.034,10000,500
77.082,28.485,135.325,82.478,8.248,100,-17.116,10000,500
77.082,28.484,-4.512,28.138,2.814,100,77.86,10000,500
77.082,28.483,156.925,136.144,13.614,100,115.082,10000,500
77.082,28.494,83.696,62.129,6.213,100,14.108,10000,500
77.082,28.463,102.936,82.9,8.29,100,-5.47,10000,500
77.082,28.458,102.288,194.67,19.467,100,-44.772,10000,500
77.082,28.462,177.054,141.658,14.166,100,36.025,10000,500
77.082,28.483,119.958,135.624,13.562,100,12.825,10000,500
77.082,28.485,73.076,144.1,14.41,100,69.589,10000,500
77.083,28.485,78.118,121.673,12.167,100,-7.645,10000,500
77.083,28.593,57.016,147.671,14.767,100,31.051,10000,500
77.083,28.462,-4.133,103.119,10.312,100,22.214,10000,500
77.083,28.466,-19.674,168.152,16.815,100,-5.112,10000,500
77.083,28.463,120.132,127.227,12.723,100,58.194,10000,500
77.083,28.489,156.023,49.714,4.971,100,-39.719,10000,500
77.083,28.465,87.3,128.895,12.89,100,11.667,10000,500
77.083,28.487,166.842,94.281,9.428,100,21.32,10000,500
77.084,28.49,118.499,108.424,10.842,100,23.101,10000,500
77.084,28.486,134.606,75.924,7.592,100,84.314,10000,500
77.084,28.486,111.592,85.021,8.502,100,55.62,10000,500
77.084,28.464,46.601,68.789,6.879,100,33.984,10000,500
77.084,28.367,54.648,87.096,8.71,100,-2.455,10000,500
77.084,28.489,186.532,124.825,12.482,100,-29.085,10000,500
77.084,28.505,89.153,43.419,4.342,100,90.353,10000,500
77.084,28.486,58.993,156.366,15.637,100,82.703,10000,500
77.084,28.467,94.862,51.172,5.117,100,37.808,10000,500
77.084,28.463,107.771,169.591,16.959,100,74.214,10000,500
77.084,28.462,-40.921,73.222,7.322,100,41.584,10000,500
77.084,28.485,78.518,-48.192,-4.819,100,24.041,10000,500
77.085,28.46,88.525,133.68,13.368,100,72.596,10000,500
77.085,28.474,135.275,17.579,1.758,100,54.165,10000,500
77.085,28.463,184.135,43.528,4.353,100,-21.036,10000,500
77.085,28.466,165.183,149.922,14.992,100,64.48,10000,500
77.085,28.463,33.993,145.923,14.592,100,-10.837,10000,500
77.085,28.484,166.698,130.108,13.011,100,40.147,10000,500
77.085,28.458,73.41,129.561,12.956,100,96.03,10000,500
77.085,28.484,13.656,68.2,6.82,100,89.38,10000,500
77.085,28.463,45.397,141.957,14.196,100,23.209,10000,500
77.085,28.466,77.594,-13.7,-1.37,100,45.222,10000,500
77.085,28.484,80.599,131.616,13.162,100,13.541,10000,500
77.086,28.483,121.36,138.186,13.819,100,50.899,10000,500
77.086,28.482,92.064,57.138,5.714,100,64.173,10000,500
77.086,28.463,125.513,80.58,8.058,100,66.166,10000,500
77.086,28.627,91.94,149.975,14.997,100,50.255,10000,500
77.086,28.484,132.559,151.196,15.12,100,99.597,10000,500
77.086,28.485,137.379,107.745,10.775,100,142.052,10000,500
77.087,28.463,89.882,161.048,16.105,100,67.837,10000,500
77.087,28.463,54.946,123.975,12.397,100,71.128,10000,500
77.087,28.463,82.102,188.376,18.838,100,45.075,10000,500
77.087,28.483,136.542,46.44,4.644,100,88.681,10000,500
77.087,28.482,198.686,119.787,11.979,100,10.432,10000,500
77.087,28.462,111.268,90.975,9.097,100,97.353,10000,500
77.087,28.483,164.567,118.9,11.89,100,65.874,10000,500
77.087,28.482,28.206,64.865,6.487,100,25.867,10000,500
77.087,28.463,83.706,201.288,20.129,100,53.572,10000,500
77.088,28.434,111.27,129.569,12.957,100,47.455,10000,500
77.088,28.483,79.647,146.209,14.621,100,33.067,10000,500
77.088,28.482,83.93,138.379,13.838,100,86.74,10000,500
77.089,28.482,147.425,56.043,5.604,100,55.253,10000,500
77.089,28.483,151.345,124.939,12.494,100,13.276,10000,500
77.089,28.482,43.061,94.982,9.498,100,-2.743,10000,500
77.089,28.483,63.706,209.399,20.94,100,20.909,10000,500
77.089,28.963,43.83,25.209,2.521,100,-13.721,10000,500
77.09,28.491,116.347,59.366,5.937,100,43.171,10000,500
77.091,28.497,162.91,53.785,5.379,100,62.902,10000,500
77.091,28.491,25.22,120.718,12.072,100,103.839,10000,500
77.091,28.497,125.384,103.102,10.31,100,52.205,10000,500
77.091,28.468,46.254,138.776,13.878,100,68.474,10000,500
77.091,28.464,110.327,23.1,2.31,100,39.679,10000,500
77.091,28.483,21.646,209.116,20.912,100,-37.859,10000,500
77.092,28.463,160.16,81.229,8.123,100,46.324,10000,500
77.092,28.463,51.949,141.518,14.152,100,42.987,10000,500
77.092,28.464,76.244,130.992,13.099,100,17.201,10000,500
77.092,28.463,58.951,-6.884,-0.688,100,40.936,10000,500
77.092,28.466,69.862,50.944,5.094,100,-26.006,10000,500
77.092,28.464,100.338,145.68,14.568,100,65.588,10000,500
77.093,28.447,170.633,132.336,13.234,100,73.657,10000,500
77.094,28.483,170.194,111.598,11.16,100,49.641,10000,500
77.096,28.428,123.162,110.134,11.013,100,67.54,10000,500
77.096,28.941,116.311,129.487,12.949,100,37.011,10000,500
77.097,28.636,26.424,103.789,10.379,100,35.607,10000,500
77.099,28.951,83.731,21.497,2.15,100,4.184,10000,500
77.1,28.47,68.049,36.87,3.687,100,34.276,10000,500
77.102,28.668,140.377,35.547,3.555,100,-2.301,10000,500
77.102,28.639,139.696,72.956,7.296,100,58.328,10000,500
77.104,28.672,161.382,57.834,5.783,100,87.735,10000,500
77.104,28.494,112.723,45.726,4.573,100,-10.665,10000,500
77.109,28.658,146.415,24.8,2.48,100,101.664,10000,500
77.11,28.421,61.874,102.801,10.28,100,12.224,10000,500
77.11,28.405,-17.548,120.105,12.01,100,71.175,10000,500
77.112,28.626,117.923,64.307,6.431,100,108.278,10000,500
77.113,28.644,57.534,4.531,0.453,100,82.937,10000,500
77.113,28.584,123.465,7.19,0.719,100,1.948,10000,500
77.114,28.536,126.434,29.733,2.973,100,52.272,10000,500
77.114,28.425,141.104,75.671,7.567,100,-4.39,10000,500
77.117,28.716,40.598,77.162,7.716,100,7.712,10000,500
77.118,28.62,167.836,71.354,7.135,100,84.012,10000,500
77.12,28.62,124.255,54.562,5.456,100,-14.166,10000,500
77.122,28.542,118.56,110.807,11.081,100,119.768,10000,500
77.122,28.871,110.679,68.098,6.81,100,-14.426,10000,500
77.123,28.594,31.084,68.993,6.899,100,15.107,10000,500
77.123,28.624,168.162,141.057,14.106,100,52.615,10000,500
77.124,28.666,214.145,61.577,6.158,100,47.237,10000,500
77.126,28.626,41.168,64.906,6.491,100,-15.541,10000,500
77.126,28.544,147.407,112.314,11.231,100,23.578,10000,500
77.132,28.474,90.659,54.234,5.423,100,-12.009,10000,500
77.132,28.654,176.578,158.939,15.894,100,16.139,10000,500
77.132,28.654,168.294,68.977,6.898,100,-56.05,10000,500
77.137,28.403,98.351,99.504,9.95,100,-29.345,10000,500
77.137,28.631,150.092,101.39,10.139,100,85.676,10000,500
77.138,28.702,179.249,150.321,15.032,100,80.372,10000,500
77.142,28.442,74.275,128.83,12.883,100,77.522,10000,500
77.143,28.493,96.394,186.779,18.678,100,2.519,10000,500
77.143,28.664,99.734,144.677,14.468,100,122.687,10000,500
77.145,28.654,121.604,165.644,16.564,100,46.493,10000,500
77.148,28.629,14.352,114.674,11.467,100,18.748,10000,500
77.148,28.758,119.294,29.422,2.942,100,47.423,10000,500
77.152,28.531,101.643,141.372,14.137,100,67.678,10000,500
77.154,28.653,98.461,93.439,9.344,100,-20.163,10000,500
77.155,28.467,71.573,146.656,14.666,100,83.076,10000,500
77.158,28.388,40.977,80.697,8.07,100,75.55,10000,500
77.158,28.519,81.729,62.374,6.237,100,-7.729,10000,500
77.159,28.622,138.072,162.009,16.201,100,8.196,10000,500
77.16,28.499,40.314,130.499,13.05,100,1.678,10000,500
77.16,28.647,182.189,92.794,9.279,100,-12.57,10000,500
77.161,28.496,20.24,143.333,14.333,100,42.131,10000,500
77.161,28.525,89.113,92.211,9.221,100,7.326,10000,500
77.162,28.518,82.174,206.532,20.653,100,42.518,10000,500
77.162,28.51,185.252,67.655,6.765,100,111.432,10000,500
77.162,28.51,100.081,43.407,4.341,100,34.693,10000,500
77.162,28.51,107.512,16.752,1.675,100,58.893,10000,500
77.162,28.51,36.168,-22.681,-2.268,100,-8.181,10000,500
77.162,28.51,181.013,124.103,12.41,100,62.928,10000,500
77.162,28.51,73.732,62.876,6.288,100,41.853,10000,500
77.162,28.51,146.188,209.5,20.95,100,19.33,10000,500
77.162,28.51,149.629,101.48,10.148,100,96.309,10000,500
77.162,28.51,103.817,164.479,16.448,100,96.806,10000,500
77.162,28.51,193.802,146.712,14.671,100,88.823,10000,500
77.162,28.51,31.563,35.082,3.508,100,80.48,10000,500
77.162,28.51,116.262,118.968,11.897,100,-0.464,10000,500
77.162,28.51,188.514,99.721,9.972,100,33.455,10000,500
77.162,28.51,67.467,20.962,2.096,100,78.338,10000,500
77.163,28.51,76.138,87.573,8.757,100,50.03,10000,500
77.163,28.51,194.483,138.708,13.871,100,-19.98,10000,500
77.163,28.51,121.618,52.624,5.262,100,66.175,10000,500
77.163,28.51,16.642,58.018,5.802,100,-31.102,10000,500
77.163,28.51,83.563,109.034,10.903,100,-14.553,10000,500
77.163,28.51,130.002,19.225,1.923,100,58.764,10000,500
77.163,28.51,58.222,47.746,4.775,100,13.409,10000,500
77.163,28.51,138.08,43.019,4.302,100,41.943,10000,500
77.163,28.51,82.283,72.829,7.283,100,-4.403,10000,500
77.163,28.51,134.412,45.789,4.579,100,59.751,10000,500
77.163,28.51,126.74,101.582,10.158,100,12.59,10000,500
77.163,28.51,84.415,79.747,7.975,100,88.039,10000,500
77.163,28.511,218.694,78.623,7.862,100,-19.414,10000,500
77.163,28.51,58.175,97.925,9.793,100,100.13,10000,500
77.163,28.51,78.967,99.669,9.967,100,59.151,10000,500
77.163,28.51,128.251,147.677,14.768,100,54.344,10000,500
77.163,28.51,156.966,81.72,8.172,100,9.378,10000,500
77.163,28.511,115.39,163.879,16.388,100,78.375,10000,500
77.164,28.511,78.088,71.266,7.127,100,132.814,10000,500
77.164,28.51,106.636,25.607,2.561,100,-62.565,10000,500
77.164,28.559,66.478,96.327,9.633,100,79.179,10000,500
77.164,28.51,198.546,173.143,17.314,100,-46.375,10000,500
77.164,28.51,54.641,108.428,10.843,100,35.674,10000,500
77.164,28.51,75.384,132.36,13.236,100,-94.94,10000,500
77.164,28.51,143.27,109.446,10.945,100,26.553,10000,500
77.164,28.51,121.545,61.984,6.198,100,24.59,10000,500
77.164,28.51,60.884,127.624,12.762,100,44.513,10000,500
77.164,28.51,61.193,57.607,5.761,100,34.821,10000,500
77.164,28.51,136.252,115.576,11.558,100,112.155,10000,500
77.164,28.51,99.906,35.298,3.53,100,55.876,10000,500
77.164,28.51,160.742,34.999,3.5,100,25.304,10000,500
77.164,28.51,125.537,118.889,11.889,100,55.701,10000,500
77.164,28.509,80.818,58.717,5.872,100,47.523,10000,500
77.164,28.51,86.485,96.102,9.61,100,46.737,10000,500
77.164,28.51,32.541,52.423,5.242,100,25.282,10000,500
77.164,28.509,106.605,69.507,6.951,100,-20.689,10000,500
77.164,28.51,154.743,7.906,0.791,100,68.343,10000,500
77.164,28.51,114.447,105.644,10.564,100,35.057,10000,500
77.164,28.51,135.364,107.92,10.792,100,-49.232,10000,500
77.164,28.509,182.04,181.484,18.148,100,109.92,10000,500
77.164,28.51,178.485,117.714,11.771,100,-11.508,10000,500
77.164,28.509,75.281,50.57,5.057,100,43.234,10000,500
77.164,28.509,12.195,31.938,3.194,100,36.103,10000,500
77.164,28.509,118.179,123.491,12.349,100,-42.172,10000,500
77.164,28.509,72.42,125.893,12.589,100,50.271,10000,500
77.164,28.51,125.58,119.875,11.987,100,-7.11,10000,500
77.164,28.509,96.926,44.031,4.403,100,90.167,10000,500
77.164,28.51,114.576,111.371,11.137,100,70.021,10000,500
77.164,28.509,215.507,137.651,13.765,100,-61.062,10000,500
77.164,28.509,75.913,100.866,10.087,100,29.904,10000,500
77.164,28.51,113.995,38.911,3.891,100,48.128,10000,500
77.164,28.509,132.545,67.183,6.718,100,-52.3,10000,500
77.164,28.509,94.078,189.143,18.914,100,45.414,10000,500
77.164,28.509,27.589,125.004,12.5,100,16.597,10000,500
77.164,28.509,118.597,91.017,9.102,100,5.865,10000,500
77.165,28.509,134.485,135.675,13.568,100,93.98,10000,500
77.165,28.509,115.375,75.217,7.522,100,66.913,10000,500
77.165,28.509,62.748,98.044,9.804,100,95.096,10000,500
77.165,28.509,84.968,136.3,13.63,100,91.382,10000,500
77.165,28.509,114.975,43.269,4.327,100,88.339,10000,500
77.165,28.509,134.599,57.19,5.719,100,93.126,10000,500
77.165,28.438,168.614,85.431,8.543,100,15.852,10000,500
77.166,28.651,143.864,34.633,3.463,100,88.445,10000,500
77.166,28.51,101.557,171.014,17.101,100,69.695,10000,500
77.166,28.683,132.847,63.56,6.356,100,42.823,10000,500
77.167,28.501,115.114,8.898,0.89,100,54.088,10000,500
77.169,28.571,56.666,50.185,5.018,100,55.965,10000,500
77.17,28.483,103.993,9.298,0.93,100,62.007,10000,500
77.171,28.638,111.179,122.021,12.202,100,60.885,10000,500
77.171,28.559,81.528,53.865,5.386,100,68.935,10000,500
77.173,28.579,193.562,67.702,6.77,100,137.1,10000,500
77.175,28.719,33.502,118.214,11.821,100,7.951,10000,500
77.176,28.554,133.327,162.422,16.242,100,49.607,10000,500
77.177,28.691,101.997,153.474,15.347,100,43.142,10000,500
77.177,28.507,63.699,13.758,1.376,100,74.868,10000,500
77.177,28.582,73.287,158.204,15.82,100,17.426,10000,500
77.178,28.522,36.425,103.489,10.349,100,-41.583,10000,500
77.18,28.547,85.809,178.226,17.823,100,6.36,10000,500
77.18,28.456,108.56,115.811,11.581,100,-18.467,10000,500
77.181,28.497,95.658,101.499,10.15,100,40.09,10000,500
77.183,28.586,15.264,165.883,16.588,100,23.196,10000,500
77.185,28.635,110.369,154.055,15.405,100,-57.643,10000,500
77.186,28.542,56.136,6.434,0.643,100,118.945,10000,500
77.188,28.538,143.386,31.044,3.104,100,48.908,10000,500
77.188,28.652,64.315,189.754,18.975,100,-49.267,10000,500
77.189,28.595,153.941,148.072,14.807,100,57.262,10000,500
77.189,28.569,35.615,68.305,6.831,100,24.166,10000,500
77.192,28.649,173.098,129.629,12.963,100,12.915,10000,500
77.193,28.525,119.46,82.889,8.289,100,7.399,10000,500
77.194,28.615,70.074,115.578,11.558,100,45.836,10000,500
77.195,28.563,70.745,130.899,13.09,100,64.757,10000,500
77.195,28.554,14.212,141.812,14.181,100,34.111,10000,500
77.195,28.408,154.319,131.728,13.173,100,28.746,10000,500
77.195,28.574,150.34,63.137,6.314,100,101.874,10000,500
77.196,28.681,36.79,26.764,2.676,100,52.35,10000,500
77.196,28.568,55.097,146.166,14.617,100,60.415,10000,500
77.196,28.583,194.643,144.861,14.486,100,93.001,10000,500
77.199,28.569,117.053,106.353,10.635,100,103.654,10000,500
77.199,28.569,148.066,135.644,13.564,100,40.864,10000,500
77.199,28.569,67.047,99.975,9.998,100,-14.324,10000,500
77.199,28.569,149.279,87.222,8.722,100,17.441,10000,500
77.199,28.569,77.276,114.794,11.479,100,27.249,10000,500
77.199,28.569,3.151,112.544,11.254,100,-30.433,10000,500
77.199,28.568,32.348,75.75,7.575,100,81.641,10000,500
77.199,28.568,96.507,145.957,14.596,100,10.445,10000,500
77.199,28.567,105.692,36.307,3.631,100,12.011,10000,500
77.199,28.568,105.773,156.467,15.647,100,-38.312,10000,500
77.199,28.568,91.97,116.682,11.668,100,14.609,10000,500
77.199,28.568,115.06,206.037,20.604,100,18.94,10000,500
77.199,28.568,120.605,73.097,7.31,100,68.683,10000,500
77.199,28.568,31.72,39.782,3.978,100,49.218,10000,500
77.199,28.568,109.633,-17.913,-1.791,100,70.097,10000,500
77.199,28.568,126.695,53.425,5.343,100,27.856,10000,500
77.199,28.568,126.294,238.567,23.857,100,-24.572,10000,500
77.199,28.568,112.785,92.332,9.233,100,66.387,10000,500
77.199,28.567,114.956,22.255,2.226,100,43.968,10000,500
77.201,28.597,72.443,134.25,13.425,100,80.11,10000,500
77.204,28.558,166.091,184.895,18.489,100,17.224,10000,500
77.204,28.601,66.412,108.693,10.869,100,70.108,10000,500
77.204,28.576,111.297,164.803,16.48,100,24.015,10000,500
77.205,28.697,109.508,46.903,4.69,100,94.659,10000,500
77.206,28.572,104.178,122.722,12.272,100,-47.952,10000,500
77.207,28.536,-56.002,164.748,16.475,100,43.42,10000,500
77.207,28.527,141.979,102.104,10.21,100,54.199,10000,500
77.208,28.518,55.2,129.624,12.962,100,42.451,10000,500
77.208,28.646,172.771,48.645,4.865,100,54.457,10000,500
77.211,28.534,116.598,107.128,10.713,100,-8.023,10000,500
77.211,28.593,57.243,123.211,12.321,100,35.613,10000,500
77.212,28.66,89.024,111.224,11.122,100,56.536,10000,500
77.213,28.548,107.981,74.569,7.457,100,-29.496,10000,500
77.214,28.642,57.97,127.83,12.783,100,57.493,10000,500
77.214,28.524,114.024,-13.755,-1.375,100,6.033,10000,500
77.214,28.572,98.92,56.771,5.677,100,-39.661,10000,500
77.215,28.588,133.771,49.407,4.941,100,12.116,10000,500
77.215,28.646,156.81,85.576,8.558,100,66.224,10000,500
77.216,28.646,45.372,83.513,8.351,100,-16.303,10000,500
77.216,28.542,192.592,90.093,9.009,100,12.489,10000,500
77.217,28.531,108.195,189.981,18.998,100,14.965,10000,500
77.217,28.609,183.561,124.289,12.429,100,-8.795,10000,500
77.218,28.532,64.049,106.181,10.618,100,49.56,10000,500
77.219,28.511,171.366,125.587,12.559,100,25.826,10000,500
77.219,28.658,144.357,58.182,5.818,100,3.596,10000,500
77.219,28.657,169.9,98.107,9.811,100,51.965,10000,500
77.22,28.628,45.881,158.183,15.818,100,-26.455,10000,500
77.22,28.388,62.588,70.803,7.08,100,-28.596,10000,500
77.22,28.631,127.484,175.675,17.567,100,-11.704,10000,500
77.22,28.944,116.028,41.919,4.192,100,38.641,10000,500
77.223,28.599,75.739,92.787,9.279,100,87.537,10000,500
77.224,28.664,76.437,96.36,9.636,100,57.297,10000,500
77.224,28.646,88.48,56.558,5.656,100,27.673,10000,500
77.225,28.57,90.467,33.609,3.361,100,13.552,10000,500
77.226,28.699,91.758,149.312,14.931,100,29.41,10000,500
77.226,28.674,77.215,131.64,13.164,100,4.953,10000,500
77.226,28.526,69.943,69.62,6.962,100,64.195,10000,500
77.227,28.586,131.581,67.811,6.781,100,-57.61,10000,500
77.227,28.572,155.948,70.452,7.045,100,52.231,10000,500
77.228,28.538,135.171,177.725,17.772,100,-20.959,10000,500
77.229,28.702,103.263,130.931,13.093,100,62.256,10000,500
77.229,28.666,47.193,164.805,16.481,100,76.529,10000,500
77.229,28.657,141.51,152.478,15.248,100,54.857,10000,500
77.229,28.64,179.315,103.68,10.368,100,64.115,10000,500
77.23,28.399,100.336,82.844,8.284,100,68.122,10000,500
77.23,28.534,111.886,118.778,11.878,100,60.992,10000,500
77.231,28.649,118.49,123.73,12.373,100,2.353,10000,500
77.231,28.596,236.664,117.613,11.761,100,-1.738,10000,500
77.232,28.513,93.78,59.466,5.947,100,-8.963,10000,500
77.232,28.573,135.375,98.658,9.866,100,-13.511,10000,500
77.233,28.642,17.157,58.691,5.869,100,13.407,10000,500
77.235,28.658,123.903,7.705,0.77,100,18.396,10000,500
77.235,28.52,0.323,125.424,12.542,100,-14.439,10000,500
77.235,28.659,80.235,75.119,7.512,100,64.497,10000,500
77.235,28.658,91.223,86.486,8.649,100,32.392,10000,500
77.235,28.658,32.457,99.994,9.999,100,-13.693,10000,500
77.235,28.658,148.793,144.744,14.474,100,69.773,10000,500
77.235,28.658,26.429,33.655,3.365,100,-45.379,10000,500
77.235,28.658,169.372,31.864,3.186,100,62.615,10000,500
77.235,28.658,114.273,6.361,0.636,100,54.716,10000,500
77.235,28.658,102.988,80.376,8.038,100,-10.643,10000,500
77.235,28.658,112.096,188.144,18.814,100,-8.896,10000,500
77.235,28.658,184.612,76.072,7.607,100,21.485,10000,500
77.235,28.658,2.596,86.02,8.602,100,11.311,10000,500
77.235,28.658,118.775,67.924,6.792,100,91.943,10000,500
77.235,28.658,85.508,2.118,0.212,100,8.462,10000,500
77.235,28.658,106.44,75.831,7.583,100,18.929,10000,500
77.235,28.658,39.281,20.935,2.094,100,21.185,10000,500
77.235,28.657,155.429,183.674,18.367,100,32.646,10000,500
77.235,28.657,98.94,66.996,6.7,100,66.223,10000,500
77.235,28.657,42.806,64.501,6.45,100,101.39,10000,500
77.235,28.657,41.848,5.692,0.569,100,-10.23,10000,500
77.235,28.657,95.332,116.17,11.617,100,101.096,10000,500
77.235,28.657,-27.104,147.678,14.768,100,44.503,10000,500
77.235,28.657,177.415,113.582,11.358,100,62.806,10000,500
77.235,28.657,23.386,176.368,17.637,100,7.775,10000,500
77.235,28.657,120.219,131.436,13.144,100,-64.901,10000,500
77.235,28.657,98.646,60.56,6.056,100,12.273,10000,500
77.235,28.656,124.585,64.36,6.436,100,19.371,10000,500
77.235,28.656,98.105,-4.965,-0.496,100,84.583,10000,500
77.235,28.656,49.624,-44.323,-4.432,100,21.784,10000,500
77.236,28.657,107.699,143.813,14.381,100,49.83,10000,500
77.236,28.657,50.229,11.051,1.105,100,1.23,10000,500
77.236,28.657,120.379,85.174,8.517,100,-8.716,10000,500
77.236,28.657,82.926,82.946,8.295,100,26.783,10000,500
77.236,28.658,54.805,56.096,5.61,100,-9.886,10000,500
77.236,28.658,73.222,73.321,7.332,100,24.507,10000,500
77.236,28.657,134.539,148.637,14.864,100,22.26,10000,500
77.236,28.534,148.06,154.565,15.456,100,44.805,10000,500
77.236,28.657,139.414,145.01,14.501,100,19.551,10000,500
77.236,28.658,-37.115,86.145,8.615,100,22.469,10000,500
77.236,28.658,117.856,219.154,21.915,100,12.227,10000,500
77.236,28.658,75.07,106.801,10.68,100,81.293,10000,500
77.236,28.659,144.596,85.65,8.565,100,94.435,10000,500
77.236,28.658,123.38,165.794,16.579,100,4.622,10000,500
77.236,28.658,42.019,121.396,12.14,100,54.374,10000,500
77.236,28.659,101.669,43.436,4.344,100,34.832,10000,500
77.236,28.658,93.501,47.499,4.75,100,0.374,10000,500
77.236,28.658,159.42,94.206,9.421,100,83.265,10000,500
77.236,28.658,26.193,125.932,12.593,100,60.19,10000,500
77.236,28.658,41.498,101.847,10.185,100,37.565,10000,500
77.236,28.658,-8.007,14.611,1.461,100,52.086,10000,500
77.236,28.658,172.872,171.484,17.148,100,19.846,10000,500
77.236,28.658,81.734,112.709,11.271,100,6.263,10000,500
77.236,28.657,90.798,153.717,15.372,100,76.44,10000,500
77.236,28.657,55.181,92.722,9.272,100,24.942,10000,500
77.236,28.657,95.028,161.548,16.155,100,86.275,10000,500
77.236,28.657,75.392,5.844,0.584,100,145.808,10000,500
77.236,28.657,161.662,120.972,12.097,100,34.073,10000,500
77.236,28.657,93.535,154.661,15.466,100,-0.02,10000,500
77.236,28.657,89.497,43.295,4.33,100,85.617,10000,500
77.236,28.656,86.025,60.309,6.031,100,26.422,10000,500
77.236,28.656,67.254,134.339,13.434,100,36.624,10000,500
77.236,28.656,46.77,68.62,6.862,100,-11.208,10000,500
77.236,28.411,119.423,194.057,19.406,100,50.753,10000,500
77.237,28.533,91.572,117.695,11.77,100,83.084,10000,500
77.237,28.533,150.07,175.635,17.564,100,8.698,10000,500
77.237,28.534,203.607,255.345,25.535,100,17.937,10000,500
77.237,28.535,80.554,119.519,11.952,100,24.671,10000,500
77.238,28.534,109.892,91.928,9.193,100,69.819,10000,500
77.238,28.553,74.257,123.024,12.302,100,-4.754,10000,500
77.238,28.533,46.428,90.955,9.096,100,31.702,10000,500
77.238,28.534,118.863,139.118,13.912,100,-29.505,10000,500
77.238,28.533,48.035,95.977,9.598,100,18.813,10000,500
77.238,28.534,157.083,88.436,8.844,100,105.524,10000,500
77.238,28.533,78.046,129.419,12.942,100,61.687,10000,500
77.239,28.533,126.546,179.455,17.946,100,63.523,10000,500
77.239,28.535,45.608,178.82,17.882,100,-6.96,10000,500
77.239,28.536,85.372,183.865,18.386,100,79.59,10000,500
77.239,28.533,165.191,59.66,5.966,100,5.391,10000,500
77.239,28.535,26.026,246.692,24.669,100,102.813,10000,500
77.239,28.645,10.823,134.571,13.457,100,79.778,10000,500
77.239,28.533,87.194,192.392,19.239,100,11.59,10000,500
77.239,28.535,131.364,109.064,10.906,100,34.893,10000,500
77.24,28.538,115.669,150.213,15.021,100,51.957,10000,500
77.24,28.538,149.633,1.094,0.109,100,-5.745,10000,500
77.24,28.641,150.939,109.174,10.917,100,37.664,10000,500
77.24,28.534,124.636,49.242,4.924,100,64.387,10000,500
77.24,28.541,96.057,131.712,13.171,100,22.671,10000,500
77.24,28.538,117.892,35.26,3.526,100,-72.884,10000,500
77.24,28.54,107.362,129.32,12.932,100,81.416,10000,500
77.24,28.54,89.476,64.719,6.472,100,48.131,10000,500
77.241,28.534,53.034,102.083,10.208,100,68.603,10000,500
77.241,28.541,123.998,61.034,6.103,100,54.889,10000,500
77.241,28.534,119.933,67.676,6.768,100,67.333,10000,500
77.241,28.54,9.417,147.354,14.735,100,86.813,10000,500
77.241,28.54,120.855,164.806,16.481,100,-44.058,10000,500
77.241,28.539,78.517,98.699,9.87,100,37.539,10000,500
77.241,28.54,19.838,16.095,1.609,100,45.531,10000,500
77.241,28.554,83.968,183.316,18.332,100,-63.02,10000,500
77.242,28.743,150.182,100.249,10.025,100,28.801,10000,500
77.242,28.602,135.396,53.345,5.334,100,38.519,10000,500
77.242,28.571,112.048,153.01,15.301,100,40.675,10000,500
77.243,28.53,125.77,13.38,1.338,100,-22.93,10000,500
77.243,28.531,105.778,112.525,11.252,100,73.645,10000,500
77.243,28.538,70.028,158.092,15.809,100,32.468,10000,500
77.243,28.532,130.661,107.544,10.754,100,22.679,10000,500
77.243,28.539,45.904,121.677,12.168,100,48.204,10000,500
77.243,28.531,41.131,97.764,9.776,100,28.039,10000,500
77.244,28.538,46.002,27.266,2.727,100,38.146,10000,500
77.244,28.532,67.558,62.923,6.292,100,21.433,10000,500
77.244,28.644,87.606,69.951,6.995,100,46.405,10000,500
77.244,28.53,129.588,103.568,10.357,100,80.035,10000,500
77.244,28.532,119.463,33.464,3.346,100,55.163,10000,500
77.244,28.53,65.924,67.553,6.755,100,119.809,10000,500
77.244,28.533,137.689,126.632,12.663,100,66.391,10000,500
77.244,28.531,79.511,146.135,14.613,100,7.406,10000,500
77.244,28.532,112.624,84.031,8.403,100,64.426,10000,500
77.244,28.532,124.746,188.084,18.808,100,41.854,10000,500
77.244,28.531,41.412,169.232,16.923,100,34.463,10000,500
77.245,28.53,87.572,116.762,11.676,100,58.852,10000,500
77.245,28.532,70.591,48.001,4.8,100,98.345,10000,500
77.245,28.532,101.313,156.814,15.681,100,59.92,10000,500
77.245,28.531,88.23,207.732,20.773,100,54.505,10000,500
77.245,28.531,100.777,170.572,17.057,100,8.445,10000,500
77.245,28.537,101.689,210.828,21.083,100,37.653,10000,500
77.245,28.53,83.811,155.886,15.589,100,0.393,10000,500
77.245,28.529,119.245,118.169,11.817,100,-44.656,10000,500
77.245,28.588,101.022,76.201,7.62,100,19.591,10000,500
77.245,28.529,74.833,34.686,3.469,100,76.203,10000,500
77.245,28.531,125.089,182.949,18.295,100,68.909,10000,500
77.245,28.529,170.118,66.51,6.651,100,7.537,10000,500
77.245,28.532,80.9,100.541,10.054,100,16.745,10000,500
77.245,28.53,91.494,32.884,3.288,100,18.838,10000,500
77.245,28.531,165.715,45.6,4.56,100,20.574,10000,500
77.245,28.529,37.638,46.693,4.669,100,74.646,10000,500
77.245,28.532,129.075,85.106,8.511,100,117.981,10000,500
77.245,28.531,54.266,68.137,6.814,100,30.17,10000,500
77.245,28.529,112.676,136.526,13.653,100,28.644,10000,500
77.246,28.531,101.768,60.326,6.033,100,-59.354,10000,500
77.246,28.531,168.11,82.64,8.264,100,78.651,10000,500
77.246,28.528,123.36,26.006,2.601,100,101.535,10000,500
77.246,28.591,188.333,128.442,12.844,100,77.999,10000,500
77.246,28.529,171.536,116.152,11.615,100,49.823,10000,500
77.246,28.529,173.183,48.887,4.889,100,80.287,10000,500
77.246,28.582,115.406,127.148,12.715,100,18.317,10000,500
77.246,28.529,54.283,156.777,15.678,100,30.356,10000,500
77.247,28.534,147.683,188.552,18.855,100,85.38,10000,500
77.247,28.53,62.268,147.261,14.726,100,41.602,10000,500
77.247,28.531,144.573,43.282,4.328,100,-18.449,10000,500
77.247,28.532,73.834,146.146,14.615,100,52.382,10000,500
77.247,28.534,137.799,54.188,5.419,100,-3.9,10000,500
77.247,28.53,86.093,158.469,15.847,100,53.276,10000,500
77.247,28.532,120.784,-0.359,-0.036,100,58.089,10000,500
77.247,28.531,148.136,54.296,5.43,100,34.798,10000,500
77.247,28.532,72.209,101.347,10.135,100,28.856,10000,500
77.247,28.532,113.444,156.859,15.686,100,-30.251,10000,500
77.248,28.532,42.743,171.255,17.126,100,130.084,10000,500
77.248,28.532,124.478,172.911,17.291,100,51.788,10000,500
77.248,28.532,78.466,82.48,8.248,100,34.464,10000,500
77.248,28.532,57.31,82.635,8.263,100,37.788,10000,500
77.248,28.72,159.732,141.921,14.192,100,60.413,10000,500
77.249,28.581,125.459,171.645,17.164,100,20.9,10000,500
77.249,28.424,131.187,110.795,11.08,100,92.231,10000,500
77.25,28.59,104.027,98.195,9.82,100,-36.929,10000,500
77.251,28.558,9.382,30.557,3.056,100,46.123,10000,500
77.251,28.569,160.916,14.164,1.416,100,19.277,10000,500
77.255,28.565,132.079,97.65,9.765,100,-9.97,10000,500
77.256,28.542,92.321,-1.915,-0.192,100,54.951,10000,500
77.261,28.701,114.041,91.845,9.185,100,70.296,10000,500
77.262,28.664,55.297,31.995,3.199,100,14.401,10000,500
77.264,28.535,152.975,62.729,6.273,100,10.607,10000,500
77.266,28.57,62.669,86.059,8.606,100,8.403,10000,500
77.267,28.56,65.565,96.428,9.643,100,51.458,10000,500
77.267,28.513,78.779,124.849,12.485,100,-1.673,10000,500
77.268,28.783,145.999,42.329,4.233,100,21.548,10000,500
77.271,28.512,127.442,114.666,11.467,100,46.495,10000,500
77.273,28.674,140.459,181.953,18.195,100,24.552,10000,500
77.273,28.396,61.184,205.944,20.594,100,31.942,10000,500
77.273,28.7,83.089,124.979,12.498,100,41.276,10000,500
77.273,28.533,108.28,148.292,14.829,100,69.043,10000,500
77.273,28.547,63.694,74.291,7.429,100,38.706,10000,500
77.275,28.533,76.053,169.988,16.999,100,3.94,10000,500
77.275,28.731,198.346,174.975,17.498,100,81.04,10000,500
77.276,28.651,103.403,164.488,16.449,100,1.521,10000,500
77.276,28.534,100.712,136.125,13.613,100,-19.478,10000,500
77.278,28.536,48.324,195.58,19.558,100,-16.212,10000,500
77.279,28.384,49.913,144.358,14.436,100,71.419,10000,500
77.28,28.373,129.87,81.91,8.191,100,16.966,10000,500
77.28,28.363,105.721,190.958,19.096,100,76.044,10000,500
77.28,28.37,77.507,153.756,15.376,100,10.931,10000,500
77.28,28.522,212.577,52.785,5.279,100,38.606,10000,500
77.28,28.763,223.161,-22.153,-2.215,100,29.557,10000,500
77.281,28.353,100.496,117.052,11.705,100,54.545,10000,500
77.283,28.659,84.043,-4.601,-0.46,100,64.133,10000,500
77.283,28.664,96.911,89.333,8.933,100,38.66,10000,500
77.285,28.393,130.329,107.822,10.782,100,73.611,10000,500
77.285,28.364,17.768,79.539,7.954,100,5.491,10000,500
77.285,28.619,111.913,169.285,16.928,100,16.414,10000,500
77.285,28.619,134.78,116.46,11.646,100,5.198,10000,500
77.286,28.619,117.031,154.356,15.436,100,40.286,10000,500
77.286,28.619,160.093,69.964,6.996,100,71.286,10000,500
77.286,28.619,153.229,154.552,15.455,100,20.585,10000,500
77.286,28.615,143.588,192.275,19.227,100,35.096,10000,500
77.286,28.615,71.962,133.283,13.328,100,41.428,10000,500
77.286,28.615,136.871,110.471,11.047,100,7.16,10000,500
77.286,28.619,27.688,95.968,9.597,100,24.378,10000,500
77.287,28.618,80.11,33.878,3.388,100,-5.749,10000,500
77.287,28.618,127.943,111.56,11.156,100,24.386,10000,500
77.287,28.618,61.322,132.454,13.245,100,15.816,10000,500
77.287,28.667,38.969,38.608,3.861,100,16.636,10000,500
77.288,28.614,125.849,70.551,7.055,100,30.555,10000,500
77.288,28.616,34.203,164.627,16.463,100,30.462,10000,500
77.288,28.616,67.013,147.155,14.716,100,65.577,10000,500
77.288,28.616,95.061,96.923,9.692,100,81.721,10000,500
77.288,28.616,118.083,213.718,21.372,100,3.228,10000,500
77.288,28.405,35.43,72.15,7.215,100,116.169,10000,500
77.288,28.615,91.253,20.541,2.054,100,-2.5,10000,500
77.288,28.615,128.048,106.964,10.696,100,23.577,10000,500
77.288,28.615,84.73,155.382,15.538,100,25.396,10000,500
77.289,28.375,96.492,117.367,11.737,100,95.155,10000,500
77.289,28.37,101.743,124.023,12.402,100,3.678,10000,500
77.29,28.54,143.947,134.283,13.428,100,-35.222,10000,500
77.29,28.732,55.505,150.262,15.026,100,-56.416,10000,500
77.29,28.348,145.972,115.553,11.555,100,24.54,10000,500
77.29,28.379,28.309,201.852,20.185,100,10.18,10000,500
77.291,28.431,130.009,44.419,4.442,100,21.795,10000,500
77.291,28.416,46.577,79.555,7.956,100,-1.061,10000,500
77.291,28.434,72.904,159.809,15.981,100,10.81,10000,500
77.291,28.679,46.044,161.272,16.127,100,29.269,10000,500
77.292,28.433,110.058,162.339,16.234,100,52.882,10000,500
77.293,28.533,176.536,2.227,0.223,100,-6.267,10000,500
77.294,28.366,150.69,101.574,10.157,100,-11.172,10000,500
77.295,28.391,100.391,132.273,13.227,100,82.651,10000,500
77.295,28.664,63.25,139.027,13.903,100,27.0,10000,500
77.295,28.352,75.141,130.418,13.042,100,41.701,10000,500
77.295,28.638,130.469,170.106,17.011,100,24.991,10000,500
77.295,28.551,132.755,129.123,12.912,100,-42.153,10000,500
77.299,28.45,75.523,148.313,14.831,100,30.911,10000,500
77.299,28.417,146.122,136.264,13.626,100,57.969,10000,500
77.299,28.432,23.709,153.774,15.377,100,-9.908,10000,500
77.3,28.423,61.824,112.053,11.205,100,44.01,10000,500
77.301,28.438,54.212,55.272,5.527,100,-6.82,10000,500
77.303,28.512,121.875,68.445,6.845,100,85.624,10000,500
77.303,28.352,89.528,103.893,10.389,100,19.467,10000,500
77.305,28.607,131.291,9.762,0.976,100,36.269,10000,500
77.306,28.621,126.411,51.51,5.151,100,14.715,10000,500
77.307,28.494,86.606,124.947,12.495,100,93.576,10000,500
77.307,28.521,153.861,62.343,6.234,100,108.774,10000,500
77.308,28.435,31.433,84.237,8.424,100,56.663,10000,500
77.309,28.417,80.825,130.154,13.015,100,70.931,10000,500
77.311,28.369,131.806,121.374,12.137,100,-13.78,10000,500
77.311,28.362,74.093,224.624,22.462,100,76.985,10000,500
77.311,28.653,42.784,163.744,16.374,100,14.711,10000,500
77.314,28.422,109.469,117.194,11.719,100,51.225,10000,500
77.314,28.442,149.271,82.746,8.275,100,-36.185,10000,500
77.314,28.41,91.756,75.296,7.53,100,36.067,10000,500
77.314,28.434,29.385,69.931,6.993,100,-47.429,10000,500
77.315,28.403,136.965,54.644,5.464,100,51.222,10000,500
77.316,28.379,93.351,55.448,5.545,100,31.285,10000,500
77.317,28.396,105.977,28.062,2.806,100,-4.226,10000,500
77.318,28.372,144.609,91.366,9.137,100,-14.495,10000,500
77.319,28.417,107.794,172.2,17.22,100,-12.294,10000,500
77.322,28.397,98.227,78.074,7.807,100,32.589,10000,500
77.322,28.434,43.874,89.18,8.918,100,-82.81,10000,500
77.322,28.408,78.675,85.065,8.506,100,37.851,10000,500
77.322,28.385,117.039,-18.181,-1.818,100,63.062,10000,500
77.323,28.642,35.791,81.332,8.133,100,1.423,10000,500
77.323,28.395,14.317,48.379,4.838,100,48.488,10000,500
77.326,28.42,172.599,76.72,7.672,100,29.412,10000,500
77.326,28.377,156.677,127.327,12.733,100,68.596,10000,500
77.327,28.64,101.942,206.654,20.665,100,-35.78,10000,500
77.33,28.577,17.208,133.778,13.378,100,91.41,10000,500
77.331,28.409,124.914,87.689,8.769,100,72.174,10000,500
77.331,28.395,199.893,124.951,12.495,100,32.334,10000,500
77.334,28.386,73.325,144.727,14.473,100,19.114,10000,500
77.34,28.644,44.953,6.864,0.686,100,14.438,10000,500
77.342,28.556,180.156,45.279,4.528,100,40.847,10000,500
77.342,28.576,113.365,186.648,18.665,100,5.033,10000,500
77.348,28.589,163.662,74.875,7.488,100,6.537,10000,500
77.348,28.587,66.635,25.28,2.528,100,8.477,10000,500
77.351,28.554,91.728,37.726,3.773,100,17.669,10000,500
77.359,28.576,158.995,70.712,7.071,100,16.283,10000,500
77.373,28.663,115.969,14.143,1.414,100,55.118,10000,500
77.375,28.604,60.902,141.715,14.172,100,42.067,10000,500
77.378,28.642,71.147,18.433,1.843,100,90.162,10000,500
77.388,28.613,77.109,219.994,21.999,100,14.202,10000,500
77.397,28.54,129.985,190.052,19.005,100,53.043,10000,500
77.412,28.672,224.573,95.822,9.582,100,-4.124,10000,500
